id,연도,월,시도,시군구,미분양
23887,2025,8,서울,강동구,382
23886,2025,8,서울,송파구,0
23885,2025,8,서울,강남구,0
23884,2025,8,서울,서초구,0
23883,2025,8,서울,관악구,4
23882,2025,8,서울,동작구,0
23881,2025,8,서울,영등포구,0
23880,2025,8,서울,금천구,8
23879,2025,8,서울,구로구,63
23878,2025,8,서울,강서구,145
23877,2025,8,서울,양천구,8
23876,2025,8,서울,마포구,48
23875,2025,8,서울,서대문구,22
23874,2025,8,서울,은평구,20
23873,2025,8,서울,노원구,0
23872,2025,8,서울,도봉구,65
23871,2025,8,서울,강북구,51
23870,2025,8,서울,성북구,0
23869,2025,8,서울,중랑구,0
23868,2025,8,서울,동대문구,171
23867,2025,8,서울,광진구,54
23866,2025,8,서울,성동구,0
23865,2025,8,서울,용산구,1
23864,2025,8,서울,중구,64
23863,2025,8,서울,종로구,0
23862,2025,8,서울,계,1106
23641,2025,7,서울,강동구,386
23640,2025,7,서울,송파구,0
23639,2025,7,서울,강남구,0
23638,2025,7,서울,서초구,0
23637,2025,7,서울,관악구,4
23636,2025,7,서울,동작구,0
23635,2025,7,서울,영등포구,0
23634,2025,7,서울,금천구,8
23633,2025,7,서울,구로구,63
23632,2025,7,서울,강서구,145
23631,2025,7,서울,양천구,8
23630,2025,7,서울,마포구,53
23629,2025,7,서울,서대문구,0
23628,2025,7,서울,은평구,20
23627,2025,7,서울,노원구,0
23626,2025,7,서울,도봉구,66
23625,2025,7,서울,강북구,53
23624,2025,7,서울,성북구,0
23623,2025,7,서울,중랑구,0
23622,2025,7,서울,동대문구,171
23621,2025,7,서울,광진구,54
23620,2025,7,서울,성동구,0
23619,2025,7,서울,용산구,1
23618,2025,7,서울,중구,1
23617,2025,7,서울,종로구,0
23616,2025,7,서울,계,1033
23395,2025,6,서울,강동구,386
23394,2025,6,서울,송파구,0
23393,2025,6,서울,강남구,0
23392,2025,6,서울,서초구,0
23391,2025,6,서울,관악구,4
23390,2025,6,서울,동작구,1
23389,2025,6,서울,영등포구,0
23388,2025,6,서울,금천구,8
23387,2025,6,서울,구로구,63
23386,2025,6,서울,강서구,145
23385,2025,6,서울,양천구,9
23384,2025,6,서울,마포구,53
23383,2025,6,서울,서대문구,0
23382,2025,6,서울,은평구,0
23381,2025,6,서울,노원구,0
23380,2025,6,서울,도봉구,66
23379,2025,6,서울,강북구,60
23378,2025,6,서울,성북구,0
23377,2025,6,서울,중랑구,0
23376,2025,6,서울,동대문구,171
23375,2025,6,서울,광진구,53
23374,2025,6,서울,성동구,0
23373,2025,6,서울,용산구,1
23372,2025,6,서울,중구,1
23371,2025,6,서울,종로구,0
23370,2025,6,서울,계,1021
23149,2025,5,서울,강동구,333
23148,2025,5,서울,송파구,0
23147,2025,5,서울,강남구,0
23146,2025,5,서울,서초구,0
23145,2025,5,서울,관악구,4
23144,2025,5,서울,동작구,1
23143,2025,5,서울,영등포구,0
23142,2025,5,서울,금천구,8
23141,2025,5,서울,구로구,63
23140,2025,5,서울,강서구,145
23139,2025,5,서울,양천구,24
23138,2025,5,서울,마포구,53
23137,2025,5,서울,서대문구,0
23136,2025,5,서울,은평구,0
23135,2025,5,서울,노원구,0
23134,2025,5,서울,도봉구,71
23133,2025,5,서울,강북구,60
23132,2025,5,서울,성북구,0
23131,2025,5,서울,중랑구,0
23130,2025,5,서울,동대문구,170
23129,2025,5,서울,광진구,55
23128,2025,5,서울,성동구,0
23127,2025,5,서울,용산구,1
23126,2025,5,서울,중구,1
23125,2025,5,서울,종로구,0
23124,2025,5,서울,계,989
22903,2025,4,서울,강동구,287
22902,2025,4,서울,송파구,0
22901,2025,4,서울,강남구,0
22900,2025,4,서울,서초구,0
22899,2025,4,서울,관악구,4
22898,2025,4,서울,동작구,1
22897,2025,4,서울,영등포구,0
22896,2025,4,서울,금천구,8
22895,2025,4,서울,구로구,63
22894,2025,4,서울,강서구,145
22893,2025,4,서울,양천구,25
22892,2025,4,서울,마포구,53
22891,2025,4,서울,서대문구,0
22890,2025,4,서울,은평구,0
22889,2025,4,서울,노원구,0
22888,2025,4,서울,도봉구,70
22887,2025,4,서울,강북구,60
22886,2025,4,서울,성북구,0
22885,2025,4,서울,중랑구,0
22884,2025,4,서울,동대문구,170
22883,2025,4,서울,광진구,55
22882,2025,4,서울,성동구,0
22881,2025,4,서울,용산구,1
22880,2025,4,서울,중구,1
22879,2025,4,서울,종로구,0
22878,2025,4,서울,계,943
22657,2025,3,서울,강동구,287
22656,2025,3,서울,송파구,0
22655,2025,3,서울,강남구,0
22654,2025,3,서울,서초구,0
22653,2025,3,서울,관악구,4
22652,2025,3,서울,동작구,1
22651,2025,3,서울,영등포구,0
22650,2025,3,서울,금천구,9
22649,2025,3,서울,구로구,64
22648,2025,3,서울,강서구,145
22647,2025,3,서울,양천구,25
22646,2025,3,서울,마포구,53
22645,2025,3,서울,서대문구,0
22644,2025,3,서울,은평구,0
22643,2025,3,서울,노원구,0
22642,2025,3,서울,도봉구,65
22641,2025,3,서울,강북구,62
22640,2025,3,서울,성북구,0
22639,2025,3,서울,중랑구,0
22638,2025,3,서울,동대문구,170
22637,2025,3,서울,광진구,55
22636,2025,3,서울,성동구,0
22635,2025,3,서울,용산구,1
22634,2025,3,서울,중구,1
22633,2025,3,서울,종로구,0
22632,2025,3,서울,계,942
22411,2025,2,서울,강동구,291
22410,2025,2,서울,송파구,0
22409,2025,2,서울,강남구,0
22408,2025,2,서울,서초구,0
22407,2025,2,서울,관악구,4
22406,2025,2,서울,동작구,1
22405,2025,2,서울,영등포구,0
22404,2025,2,서울,금천구,9
22403,2025,2,서울,구로구,64
22402,2025,2,서울,강서구,145
22401,2025,2,서울,양천구,29
22400,2025,2,서울,마포구,53
22399,2025,2,서울,서대문구,0
22398,2025,2,서울,은평구,0
22397,2025,2,서울,노원구,0
22396,2025,2,서울,도봉구,63
22395,2025,2,서울,강북구,62
22394,2025,2,서울,성북구,1
22393,2025,2,서울,중랑구,51
22392,2025,2,서울,동대문구,170
22391,2025,2,서울,광진구,55
22390,2025,2,서울,성동구,0
22389,2025,2,서울,용산구,3
22388,2025,2,서울,중구,1
22387,2025,2,서울,종로구,0
22386,2025,2,서울,계,1002
22165,2025,1,서울,강동구,296
22164,2025,1,서울,송파구,0
22163,2025,1,서울,강남구,0
22162,2025,1,서울,서초구,0
22161,2025,1,서울,관악구,4
22160,2025,1,서울,동작구,1
22159,2025,1,서울,영등포구,0
22158,2025,1,서울,금천구,9
22157,2025,1,서울,구로구,64
22156,2025,1,서울,강서구,145
22155,2025,1,서울,양천구,31
22154,2025,1,서울,마포구,53
22153,2025,1,서울,서대문구,0
22152,2025,1,서울,은평구,0
22151,2025,1,서울,노원구,0
22150,2025,1,서울,도봉구,52
22149,2025,1,서울,강북구,65
22148,2025,1,서울,성북구,134
22147,2025,1,서울,중랑구,267
22146,2025,1,서울,동대문구,170
22145,2025,1,서울,광진구,57
22144,2025,1,서울,성동구,0
22143,2025,1,서울,용산구,3
22142,2025,1,서울,중구,1
22141,2025,1,서울,종로구,0
22140,2025,1,서울,계,1352
21919,2024,12,서울,강동구,300
21918,2024,12,서울,송파구,0
21917,2024,12,서울,강남구,0
21916,2024,12,서울,서초구,0
21915,2024,12,서울,관악구,0
21914,2024,12,서울,동작구,0
21913,2024,12,서울,영등포구,0
21912,2024,12,서울,금천구,11
21911,2024,12,서울,구로구,66
21910,2024,12,서울,강서구,145
21909,2024,12,서울,양천구,31
21908,2024,12,서울,마포구,55
21907,2024,12,서울,서대문구,0
21906,2024,12,서울,은평구,0
21905,2024,12,서울,노원구,0
21904,2024,12,서울,도봉구,52
21903,2024,12,서울,강북구,66
21902,2024,12,서울,성북구,0
21901,2024,12,서울,중랑구,0
21900,2024,12,서울,동대문구,170
21899,2024,12,서울,광진구,57
21898,2024,12,서울,성동구,0
21897,2024,12,서울,용산구,3
21896,2024,12,서울,중구,1
21895,2024,12,서울,종로구,0
21894,2024,12,서울,계,957
21673,2024,11,서울,강동구,303
21672,2024,11,서울,송파구,0
21671,2024,11,서울,강남구,0
21670,2024,11,서울,서초구,0
21669,2024,11,서울,관악구,0
21668,2024,11,서울,동작구,0
21667,2024,11,서울,영등포구,0
21666,2024,11,서울,금천구,13
21665,2024,11,서울,구로구,28
21664,2024,11,서울,강서구,145
21663,2024,11,서울,양천구,31
21662,2024,11,서울,마포구,55
21661,2024,11,서울,서대문구,0
21660,2024,11,서울,은평구,0
21659,2024,11,서울,노원구,0
21658,2024,11,서울,도봉구,55
21657,2024,11,서울,강북구,70
21656,2024,11,서울,성북구,0
21655,2024,11,서울,중랑구,0
21654,2024,11,서울,동대문구,170
21653,2024,11,서울,광진구,57
21652,2024,11,서울,성동구,0
21651,2024,11,서울,용산구,3
21650,2024,11,서울,중구,1
21649,2024,11,서울,종로구,0
21648,2024,11,서울,계,931
21427,2024,10,서울,강동구,286
21426,2024,10,서울,송파구,0
21425,2024,10,서울,강남구,0
21424,2024,10,서울,서초구,0
21423,2024,10,서울,관악구,0
21422,2024,10,서울,동작구,0
21421,2024,10,서울,영등포구,0
21420,2024,10,서울,금천구,15
21419,2024,10,서울,구로구,28
21418,2024,10,서울,강서구,145
21417,2024,10,서울,양천구,31
21416,2024,10,서울,마포구,55
21415,2024,10,서울,서대문구,0
21414,2024,10,서울,은평구,0
21413,2024,10,서울,노원구,0
21412,2024,10,서울,도봉구,55
21411,2024,10,서울,강북구,70
21410,2024,10,서울,성북구,0
21409,2024,10,서울,중랑구,0
21408,2024,10,서울,동대문구,170
21407,2024,10,서울,광진구,58
21406,2024,10,서울,성동구,0
21405,2024,10,서울,용산구,3
21404,2024,10,서울,중구,1
21403,2024,10,서울,종로구,0
21402,2024,10,서울,계,917
21181,2024,9,서울,강동구,309
21180,2024,9,서울,송파구,0
21179,2024,9,서울,강남구,0
21178,2024,9,서울,서초구,0
21177,2024,9,서울,관악구,0
21176,2024,9,서울,동작구,0
21175,2024,9,서울,영등포구,0
21174,2024,9,서울,금천구,16
21173,2024,9,서울,구로구,36
21172,2024,9,서울,강서구,145
21171,2024,9,서울,양천구,31
21170,2024,9,서울,마포구,58
21169,2024,9,서울,서대문구,0
21168,2024,9,서울,은평구,0
21167,2024,9,서울,노원구,0
21166,2024,9,서울,도봉구,58
21165,2024,9,서울,강북구,83
21164,2024,9,서울,성북구,0
21163,2024,9,서울,중랑구,0
21162,2024,9,서울,동대문구,170
21161,2024,9,서울,광진구,59
21160,2024,9,서울,성동구,0
21159,2024,9,서울,용산구,3
21158,2024,9,서울,중구,1
21157,2024,9,서울,종로구,0
21156,2024,9,서울,계,969
20935,2024,8,서울,강동구,309
20934,2024,8,서울,송파구,0
20933,2024,8,서울,강남구,0
20932,2024,8,서울,서초구,0
20931,2024,8,서울,관악구,0
20930,2024,8,서울,동작구,0
20929,2024,8,서울,영등포구,0
20928,2024,8,서울,금천구,16
20927,2024,8,서울,구로구,38
20926,2024,8,서울,강서구,145
20925,2024,8,서울,양천구,31
20924,2024,8,서울,마포구,58
20923,2024,8,서울,서대문구,0
20922,2024,8,서울,은평구,0
20921,2024,8,서울,노원구,0
20920,2024,8,서울,도봉구,58
20919,2024,8,서울,강북구,83
20918,2024,8,서울,성북구,0
20917,2024,8,서울,중랑구,0
20916,2024,8,서울,동대문구,170
20915,2024,8,서울,광진구,34
20914,2024,8,서울,성동구,0
20913,2024,8,서울,용산구,3
20912,2024,8,서울,중구,1
20911,2024,8,서울,종로구,0
20910,2024,8,서울,계,946
20689,2024,7,서울,강동구,305
20688,2024,7,서울,송파구,0
20687,2024,7,서울,강남구,0
20686,2024,7,서울,서초구,0
20685,2024,7,서울,관악구,0
20684,2024,7,서울,동작구,0
20683,2024,7,서울,영등포구,0
20682,2024,7,서울,금천구,17
20681,2024,7,서울,구로구,38
20680,2024,7,서울,강서구,146
20679,2024,7,서울,양천구,33
20678,2024,7,서울,마포구,60
20677,2024,7,서울,서대문구,0
20676,2024,7,서울,은평구,0
20675,2024,7,서울,노원구,0
20674,2024,7,서울,도봉구,58
20673,2024,7,서울,강북구,86
20672,2024,7,서울,성북구,0
20671,2024,7,서울,중랑구,0
20670,2024,7,서울,동대문구,170
20669,2024,7,서울,광진구,35
20668,2024,7,서울,성동구,0
20667,2024,7,서울,용산구,4
20666,2024,7,서울,중구,1
20665,2024,7,서울,종로구,0
20664,2024,7,서울,계,953
20443,2024,6,서울,강동구,304
20442,2024,6,서울,송파구,0
20441,2024,6,서울,강남구,0
20440,2024,6,서울,서초구,0
20439,2024,6,서울,관악구,0
20438,2024,6,서울,동작구,0
20437,2024,6,서울,영등포구,0
20436,2024,6,서울,금천구,18
20435,2024,6,서울,구로구,38
20434,2024,6,서울,강서구,146
20433,2024,6,서울,양천구,33
20432,2024,6,서울,마포구,61
20431,2024,6,서울,서대문구,0
20430,2024,6,서울,은평구,0
20429,2024,6,서울,노원구,0
20428,2024,6,서울,도봉구,58
20427,2024,6,서울,강북구,89
20426,2024,6,서울,성북구,0
20425,2024,6,서울,중랑구,0
20424,2024,6,서울,동대문구,170
20423,2024,6,서울,광진구,35
20422,2024,6,서울,성동구,0
20421,2024,6,서울,용산구,4
20420,2024,6,서울,중구,3
20419,2024,6,서울,종로구,0
20418,2024,6,서울,계,959
20197,2024,5,서울,강동구,307
20196,2024,5,서울,송파구,0
20195,2024,5,서울,강남구,0
20194,2024,5,서울,서초구,0
20193,2024,5,서울,관악구,0
20192,2024,5,서울,동작구,0
20191,2024,5,서울,영등포구,0
20190,2024,5,서울,금천구,20
20189,2024,5,서울,구로구,38
20188,2024,5,서울,강서구,146
20187,2024,5,서울,양천구,33
20186,2024,5,서울,마포구,63
20185,2024,5,서울,서대문구,0
20184,2024,5,서울,은평구,0
20183,2024,5,서울,노원구,0
20182,2024,5,서울,도봉구,58
20181,2024,5,서울,강북구,95
20180,2024,5,서울,성북구,0
20179,2024,5,서울,중랑구,0
20178,2024,5,서울,동대문구,170
20177,2024,5,서울,광진구,37
20176,2024,5,서울,성동구,0
20175,2024,5,서울,용산구,4
20174,2024,5,서울,중구,3
20173,2024,5,서울,종로구,0
20172,2024,5,서울,계,974
19951,2024,4,서울,강동구,307
19950,2024,4,서울,송파구,0
19949,2024,4,서울,강남구,0
19948,2024,4,서울,서초구,0
19947,2024,4,서울,관악구,0
19946,2024,4,서울,동작구,0
19945,2024,4,서울,영등포구,0
19944,2024,4,서울,금천구,22
19943,2024,4,서울,구로구,39
19942,2024,4,서울,강서구,101
19941,2024,4,서울,양천구,33
19940,2024,4,서울,마포구,64
19939,2024,4,서울,서대문구,0
19938,2024,4,서울,은평구,0
19937,2024,4,서울,노원구,0
19936,2024,4,서울,도봉구,58
19935,2024,4,서울,강북구,96
19934,2024,4,서울,성북구,0
19933,2024,4,서울,중랑구,0
19932,2024,4,서울,동대문구,170
19931,2024,4,서울,광진구,37
19930,2024,4,서울,성동구,0
19929,2024,4,서울,용산구,6
19928,2024,4,서울,중구,3
19927,2024,4,서울,종로구,0
19926,2024,4,서울,계,936
19705,2024,3,서울,강동구,310
19704,2024,3,서울,송파구,0
19703,2024,3,서울,강남구,0
19702,2024,3,서울,서초구,0
19701,2024,3,서울,관악구,0
19700,2024,3,서울,동작구,0
19699,2024,3,서울,영등포구,0
19698,2024,3,서울,금천구,24
19697,2024,3,서울,구로구,40
19696,2024,3,서울,강서구,101
19695,2024,3,서울,양천구,33
19694,2024,3,서울,마포구,76
19693,2024,3,서울,서대문구,0
19692,2024,3,서울,은평구,0
19691,2024,3,서울,노원구,0
19690,2024,3,서울,도봉구,58
19689,2024,3,서울,강북구,98
19688,2024,3,서울,성북구,0
19687,2024,3,서울,중랑구,0
19686,2024,3,서울,동대문구,170
19685,2024,3,서울,광진구,37
19684,2024,3,서울,성동구,0
19683,2024,3,서울,용산구,18
19682,2024,3,서울,중구,3
19681,2024,3,서울,종로구,0
19680,2024,3,서울,계,968
19459,2024,2,서울,강동구,319
19458,2024,2,서울,송파구,0
19457,2024,2,서울,강남구,0
19456,2024,2,서울,서초구,0
19455,2024,2,서울,관악구,0
19454,2024,2,서울,동작구,0
19453,2024,2,서울,영등포구,0
19452,2024,2,서울,금천구,28
19451,2024,2,서울,구로구,45
19450,2024,2,서울,강서구,103
19449,2024,2,서울,양천구,33
19448,2024,2,서울,마포구,79
19447,2024,2,서울,서대문구,0
19446,2024,2,서울,은평구,0
19445,2024,2,서울,노원구,0
19444,2024,2,서울,도봉구,58
19443,2024,2,서울,강북구,124
19442,2024,2,서울,성북구,0
19441,2024,2,서울,중랑구,0
19440,2024,2,서울,동대문구,170
19439,2024,2,서울,광진구,38
19438,2024,2,서울,성동구,0
19437,2024,2,서울,용산구,18
19436,2024,2,서울,중구,3
19435,2024,2,서울,종로구,0
19434,2024,2,서울,계,1018
19213,2024,1,서울,강동구,319
19212,2024,1,서울,송파구,0
19211,2024,1,서울,강남구,0
19210,2024,1,서울,서초구,0
19209,2024,1,서울,관악구,0
19208,2024,1,서울,동작구,0
19207,2024,1,서울,영등포구,0
19206,2024,1,서울,금천구,28
19205,2024,1,서울,구로구,45
19204,2024,1,서울,강서구,105
19203,2024,1,서울,양천구,0
19202,2024,1,서울,마포구,80
19201,2024,1,서울,서대문구,0
19200,2024,1,서울,은평구,0
19199,2024,1,서울,노원구,0
19198,2024,1,서울,도봉구,58
19197,2024,1,서울,강북구,125
19196,2024,1,서울,성북구,0
19195,2024,1,서울,중랑구,0
19194,2024,1,서울,동대문구,170
19193,2024,1,서울,광진구,38
19192,2024,1,서울,성동구,0
19191,2024,1,서울,용산구,26
19190,2024,1,서울,중구,3
19189,2024,1,서울,종로구,0
19188,2024,1,서울,계,997
18967,2023,12,서울,강동구,257
18966,2023,12,서울,송파구,0
18965,2023,12,서울,강남구,0
18964,2023,12,서울,서초구,0
18963,2023,12,서울,관악구,0
18962,2023,12,서울,동작구,0
18961,2023,12,서울,영등포구,0
18960,2023,12,서울,금천구,29
18959,2023,12,서울,구로구,51
18958,2023,12,서울,강서구,108
18957,2023,12,서울,양천구,0
18956,2023,12,서울,마포구,85
18955,2023,12,서울,서대문구,0
18954,2023,12,서울,은평구,0
18953,2023,12,서울,노원구,0
18952,2023,12,서울,도봉구,59
18951,2023,12,서울,강북구,127
18950,2023,12,서울,성북구,0
18949,2023,12,서울,중랑구,0
18948,2023,12,서울,동대문구,174
18947,2023,12,서울,광진구,38
18946,2023,12,서울,성동구,0
18945,2023,12,서울,용산구,27
18944,2023,12,서울,중구,3
18943,2023,12,서울,종로구,0
18942,2023,12,서울,계,958
18721,2023,11,서울,강동구,275
18720,2023,11,서울,송파구,0
18719,2023,11,서울,강남구,0
18718,2023,11,서울,서초구,0
18717,2023,11,서울,관악구,0
18716,2023,11,서울,동작구,0
18715,2023,11,서울,영등포구,0
18714,2023,11,서울,금천구,32
18713,2023,11,서울,구로구,52
18712,2023,11,서울,강서구,115
18711,2023,11,서울,양천구,0
18710,2023,11,서울,마포구,95
18709,2023,11,서울,서대문구,0
18708,2023,11,서울,은평구,0
18707,2023,11,서울,노원구,0
18706,2023,11,서울,도봉구,60
18705,2023,11,서울,강북구,127
18704,2023,11,서울,성북구,0
18703,2023,11,서울,중랑구,0
18702,2023,11,서울,동대문구,52
18701,2023,11,서울,광진구,38
18700,2023,11,서울,성동구,0
18699,2023,11,서울,용산구,28
18698,2023,11,서울,중구,3
18697,2023,11,서울,종로구,0
18696,2023,11,서울,계,877
18475,2023,10,서울,강동구,276
18474,2023,10,서울,송파구,0
18473,2023,10,서울,강남구,0
18472,2023,10,서울,서초구,0
18471,2023,10,서울,관악구,0
18470,2023,10,서울,동작구,0
18469,2023,10,서울,영등포구,0
18468,2023,10,서울,금천구,32
18467,2023,10,서울,구로구,55
18466,2023,10,서울,강서구,127
18465,2023,10,서울,양천구,0
18464,2023,10,서울,마포구,111
18463,2023,10,서울,서대문구,0
18462,2023,10,서울,은평구,0
18461,2023,10,서울,노원구,0
18460,2023,10,서울,도봉구,60
18459,2023,10,서울,강북구,125
18458,2023,10,서울,성북구,0
18457,2023,10,서울,중랑구,0
18456,2023,10,서울,동대문구,52
18455,2023,10,서울,광진구,38
18454,2023,10,서울,성동구,0
18453,2023,10,서울,용산구,29
18452,2023,10,서울,중구,3
18451,2023,10,서울,종로구,0
18450,2023,10,서울,계,908
18229,2023,9,서울,강동구,212
18228,2023,9,서울,송파구,0
18227,2023,9,서울,강남구,0
18226,2023,9,서울,서초구,0
18225,2023,9,서울,관악구,0
18224,2023,9,서울,동작구,0
18223,2023,9,서울,영등포구,0
18222,2023,9,서울,금천구,33
18221,2023,9,서울,구로구,58
18220,2023,9,서울,강서구,151
18219,2023,9,서울,양천구,0
18218,2023,9,서울,마포구,127
18217,2023,9,서울,서대문구,0
18216,2023,9,서울,은평구,0
18215,2023,9,서울,노원구,0
18214,2023,9,서울,도봉구,60
18213,2023,9,서울,강북구,148
18212,2023,9,서울,성북구,0
18211,2023,9,서울,중랑구,0
18210,2023,9,서울,동대문구,52
18209,2023,9,서울,광진구,38
18208,2023,9,서울,성동구,0
18207,2023,9,서울,용산구,32
18206,2023,9,서울,중구,3
18205,2023,9,서울,종로구,0
18204,2023,9,서울,계,914
17983,2023,8,서울,강동구,212
17982,2023,8,서울,송파구,0
17981,2023,8,서울,강남구,0
17980,2023,8,서울,서초구,0
17979,2023,8,서울,관악구,0
17978,2023,8,서울,동작구,0
17977,2023,8,서울,영등포구,0
17976,2023,8,서울,금천구,34
17975,2023,8,서울,구로구,62
17974,2023,8,서울,강서구,170
17973,2023,8,서울,양천구,0
17972,2023,8,서울,마포구,144
17971,2023,8,서울,서대문구,0
17970,2023,8,서울,은평구,0
17969,2023,8,서울,노원구,0
17968,2023,8,서울,도봉구,60
17967,2023,8,서울,강북구,201
17966,2023,8,서울,성북구,0
17965,2023,8,서울,중랑구,0
17964,2023,8,서울,동대문구,52
17963,2023,8,서울,광진구,3
17962,2023,8,서울,성동구,0
17961,2023,8,서울,용산구,35
17960,2023,8,서울,중구,3
17959,2023,8,서울,종로구,0
17958,2023,8,서울,계,976
17737,2023,7,서울,강동구,218
17736,2023,7,서울,송파구,0
17735,2023,7,서울,강남구,0
17734,2023,7,서울,서초구,0
17733,2023,7,서울,관악구,0
17732,2023,7,서울,동작구,0
17731,2023,7,서울,영등포구,0
17730,2023,7,서울,금천구,34
17729,2023,7,서울,구로구,63
17728,2023,7,서울,강서구,203
17727,2023,7,서울,양천구,0
17726,2023,7,서울,마포구,164
17725,2023,7,서울,서대문구,0
17724,2023,7,서울,은평구,0
17723,2023,7,서울,노원구,0
17722,2023,7,서울,도봉구,60
17721,2023,7,서울,강북구,246
17720,2023,7,서울,성북구,0
17719,2023,7,서울,중랑구,0
17718,2023,7,서울,동대문구,52
17717,2023,7,서울,광진구,3
17716,2023,7,서울,성동구,0
17715,2023,7,서울,용산구,36
17714,2023,7,서울,중구,2
17713,2023,7,서울,종로구,0
17712,2023,7,서울,계,1081
17491,2023,6,서울,강동구,222
17490,2023,6,서울,송파구,0
17489,2023,6,서울,강남구,0
17488,2023,6,서울,서초구,0
17487,2023,6,서울,관악구,0
17486,2023,6,서울,동작구,0
17485,2023,6,서울,영등포구,0
17484,2023,6,서울,금천구,34
17483,2023,6,서울,구로구,67
17482,2023,6,서울,강서구,236
17481,2023,6,서울,양천구,0
17480,2023,6,서울,마포구,212
17479,2023,6,서울,서대문구,0
17478,2023,6,서울,은평구,0
17477,2023,6,서울,노원구,0
17476,2023,6,서울,도봉구,61
17475,2023,6,서울,강북구,256
17474,2023,6,서울,성북구,0
17473,2023,6,서울,중랑구,0
17472,2023,6,서울,동대문구,52
17471,2023,6,서울,광진구,3
17470,2023,6,서울,성동구,0
17469,2023,6,서울,용산구,36
17468,2023,6,서울,중구,2
17467,2023,6,서울,종로구,0
17466,2023,6,서울,계,1181
17245,2023,5,서울,강동구,228
17244,2023,5,서울,송파구,0
17243,2023,5,서울,강남구,0
17242,2023,5,서울,서초구,0
17241,2023,5,서울,관악구,0
17240,2023,5,서울,동작구,0
17239,2023,5,서울,영등포구,0
17238,2023,5,서울,금천구,34
17237,2023,5,서울,구로구,81
17236,2023,5,서울,강서구,245
17235,2023,5,서울,양천구,0
17234,2023,5,서울,마포구,222
17233,2023,5,서울,서대문구,0
17232,2023,5,서울,은평구,0
17231,2023,5,서울,노원구,0
17230,2023,5,서울,도봉구,61
17229,2023,5,서울,강북구,180
17228,2023,5,서울,성북구,0
17227,2023,5,서울,중랑구,0
17226,2023,5,서울,동대문구,52
17225,2023,5,서울,광진구,3
17224,2023,5,서울,성동구,0
17223,2023,5,서울,용산구,36
17222,2023,5,서울,중구,2
17221,2023,5,서울,종로구,0
17220,2023,5,서울,계,1144
16999,2023,4,서울,강동구,229
16998,2023,4,서울,송파구,0
16997,2023,4,서울,강남구,0
16996,2023,4,서울,서초구,0
16995,2023,4,서울,관악구,0
16994,2023,4,서울,동작구,0
16993,2023,4,서울,영등포구,0
16992,2023,4,서울,금천구,34
16991,2023,4,서울,구로구,88
16990,2023,4,서울,강서구,126
16989,2023,4,서울,양천구,0
16988,2023,4,서울,마포구,241
16987,2023,4,서울,서대문구,0
16986,2023,4,서울,은평구,0
16985,2023,4,서울,노원구,0
16984,2023,4,서울,도봉구,60
16983,2023,4,서울,강북구,186
16982,2023,4,서울,성북구,0
16981,2023,4,서울,중랑구,0
16980,2023,4,서울,동대문구,52
16979,2023,4,서울,광진구,3
16978,2023,4,서울,성동구,0
16977,2023,4,서울,용산구,37
16976,2023,4,서울,중구,2
16975,2023,4,서울,종로구,0
16974,2023,4,서울,계,1058
16753,2023,3,서울,강동구,257
16752,2023,3,서울,송파구,0
16751,2023,3,서울,강남구,0
16750,2023,3,서울,서초구,0
16749,2023,3,서울,관악구,0
16748,2023,3,서울,동작구,0
16747,2023,3,서울,영등포구,0
16746,2023,3,서울,금천구,12
16745,2023,3,서울,구로구,89
16744,2023,3,서울,강서구,129
16743,2023,3,서울,양천구,0
16742,2023,3,서울,마포구,243
16741,2023,3,서울,서대문구,0
16740,2023,3,서울,은평구,0
16739,2023,3,서울,노원구,0
16738,2023,3,서울,도봉구,60
16737,2023,3,서울,강북구,200
16736,2023,3,서울,성북구,0
16735,2023,3,서울,중랑구,0
16734,2023,3,서울,동대문구,52
16733,2023,3,서울,광진구,3
16732,2023,3,서울,성동구,0
16731,2023,3,서울,용산구,37
16730,2023,3,서울,중구,2
16729,2023,3,서울,종로구,0
16728,2023,3,서울,계,1084
16507,2023,2,서울,강동구,1156
16506,2023,2,서울,송파구,0
16505,2023,2,서울,강남구,0
16504,2023,2,서울,서초구,0
16503,2023,2,서울,관악구,0
16502,2023,2,서울,동작구,0
16501,2023,2,서울,영등포구,0
16500,2023,2,서울,금천구,12
16499,2023,2,서울,구로구,191
16498,2023,2,서울,강서구,129
16497,2023,2,서울,양천구,0
16496,2023,2,서울,마포구,257
16495,2023,2,서울,서대문구,0
16494,2023,2,서울,은평구,0
16493,2023,2,서울,노원구,0
16492,2023,2,서울,도봉구,60
16491,2023,2,서울,강북구,200
16490,2023,2,서울,성북구,0
16489,2023,2,서울,중랑구,0
16488,2023,2,서울,동대문구,52
16487,2023,2,서울,광진구,3
16486,2023,2,서울,성동구,0
16485,2023,2,서울,용산구,37
16484,2023,2,서울,중구,2
16483,2023,2,서울,종로구,0
16482,2023,2,서울,계,2099
16261,2023,1,서울,강동구,32
16260,2023,1,서울,송파구,0
16259,2023,1,서울,강남구,0
16258,2023,1,서울,서초구,0
16257,2023,1,서울,관악구,0
16256,2023,1,서울,동작구,0
16255,2023,1,서울,영등포구,0
16254,2023,1,서울,금천구,12
16253,2023,1,서울,구로구,191
16252,2023,1,서울,강서구,131
16251,2023,1,서울,양천구,0
16250,2023,1,서울,마포구,271
16249,2023,1,서울,서대문구,0
16248,2023,1,서울,은평구,0
16247,2023,1,서울,노원구,0
16246,2023,1,서울,도봉구,60
16245,2023,1,서울,강북구,201
16244,2023,1,서울,성북구,0
16243,2023,1,서울,중랑구,0
16242,2023,1,서울,동대문구,52
16241,2023,1,서울,광진구,3
16240,2023,1,서울,성동구,0
16239,2023,1,서울,용산구,41
16238,2023,1,서울,중구,2
16237,2023,1,서울,종로구,0
16236,2023,1,서울,계,996
16015,2022,12,서울,강동구,32
16014,2022,12,서울,송파구,0
16013,2022,12,서울,강남구,0
16012,2022,12,서울,서초구,0
16011,2022,12,서울,관악구,0
16010,2022,12,서울,동작구,0
16009,2022,12,서울,영등포구,0
16008,2022,12,서울,금천구,12
16007,2022,12,서울,구로구,191
16006,2022,12,서울,강서구,131
16005,2022,12,서울,양천구,0
16004,2022,12,서울,마포구,245
16003,2022,12,서울,서대문구,0
16002,2022,12,서울,은평구,0
16001,2022,12,서울,노원구,0
16000,2022,12,서울,도봉구,60
15999,2022,12,서울,강북구,227
15998,2022,12,서울,성북구,0
15997,2022,12,서울,중랑구,0
15996,2022,12,서울,동대문구,50
15995,2022,12,서울,광진구,3
15994,2022,12,서울,성동구,0
15993,2022,12,서울,용산구,0
15992,2022,12,서울,중구,2
15991,2022,12,서울,종로구,0
15990,2022,12,서울,계,953
15769,2022,11,서울,강동구,32
15768,2022,11,서울,송파구,0
15767,2022,11,서울,강남구,0
15766,2022,11,서울,서초구,0
15765,2022,11,서울,관악구,0
15764,2022,11,서울,동작구,0
15763,2022,11,서울,영등포구,0
15762,2022,11,서울,금천구,12
15761,2022,11,서울,구로구,193
15760,2022,11,서울,강서구,0
15759,2022,11,서울,양천구,0
15758,2022,11,서울,마포구,245
15757,2022,11,서울,서대문구,0
15756,2022,11,서울,은평구,0
15755,2022,11,서울,노원구,0
15754,2022,11,서울,도봉구,60
15753,2022,11,서울,강북구,227
15752,2022,11,서울,성북구,0
15751,2022,11,서울,중랑구,0
15750,2022,11,서울,동대문구,50
15749,2022,11,서울,광진구,3
15748,2022,11,서울,성동구,0
15747,2022,11,서울,용산구,41
15746,2022,11,서울,중구,2
15745,2022,11,서울,종로구,0
15744,2022,11,서울,계,865
15523,2022,10,서울,강동구,32
15522,2022,10,서울,송파구,0
15521,2022,10,서울,강남구,0
15520,2022,10,서울,서초구,0
15519,2022,10,서울,관악구,0
15518,2022,10,서울,동작구,0
15517,2022,10,서울,영등포구,0
15516,2022,10,서울,금천구,12
15515,2022,10,서울,구로구,193
15514,2022,10,서울,강서구,0
15513,2022,10,서울,양천구,0
15512,2022,10,서울,마포구,245
15511,2022,10,서울,서대문구,0
15510,2022,10,서울,은평구,0
15509,2022,10,서울,노원구,0
15508,2022,10,서울,도봉구,60
15507,2022,10,서울,강북구,228
15506,2022,10,서울,성북구,0
15505,2022,10,서울,중랑구,0
15504,2022,10,서울,동대문구,50
15503,2022,10,서울,광진구,3
15502,2022,10,서울,성동구,0
15501,2022,10,서울,용산구,41
15500,2022,10,서울,중구,2
15499,2022,10,서울,종로구,0
15498,2022,10,서울,계,866
15277,2022,9,서울,강동구,32
15276,2022,9,서울,송파구,0
15275,2022,9,서울,강남구,0
15274,2022,9,서울,서초구,0
15273,2022,9,서울,관악구,0
15272,2022,9,서울,동작구,0
15271,2022,9,서울,영등포구,0
15270,2022,9,서울,금천구,34
15269,2022,9,서울,구로구,69
15268,2022,9,서울,강서구,0
15267,2022,9,서울,양천구,0
15266,2022,9,서울,마포구,245
15265,2022,9,서울,서대문구,0
15264,2022,9,서울,은평구,0
15263,2022,9,서울,노원구,0
15262,2022,9,서울,도봉구,60
15261,2022,9,서울,강북구,183
15260,2022,9,서울,성북구,0
15259,2022,9,서울,중랑구,0
15258,2022,9,서울,동대문구,50
15257,2022,9,서울,광진구,3
15256,2022,9,서울,성동구,0
15255,2022,9,서울,용산구,41
15254,2022,9,서울,중구,2
15253,2022,9,서울,종로구,0
15252,2022,9,서울,계,719
15031,2022,8,서울,강동구,32
15030,2022,8,서울,송파구,0
15029,2022,8,서울,강남구,0
15028,2022,8,서울,서초구,0
15027,2022,8,서울,관악구,0
15026,2022,8,서울,동작구,0
15025,2022,8,서울,영등포구,0
15024,2022,8,서울,금천구,34
15023,2022,8,서울,구로구,1
15022,2022,8,서울,강서구,0
15021,2022,8,서울,양천구,0
15020,2022,8,서울,마포구,245
15019,2022,8,서울,서대문구,0
15018,2022,8,서울,은평구,0
15017,2022,8,서울,노원구,0
15016,2022,8,서울,도봉구,60
15015,2022,8,서울,강북구,183
15014,2022,8,서울,성북구,0
15013,2022,8,서울,중랑구,0
15012,2022,8,서울,동대문구,50
15011,2022,8,서울,광진구,3
15010,2022,8,서울,성동구,0
15009,2022,8,서울,용산구,0
15008,2022,8,서울,중구,2
15007,2022,8,서울,종로구,0
15006,2022,8,서울,계,610
14785,2022,7,서울,강동구,32
14784,2022,7,서울,송파구,0
14783,2022,7,서울,강남구,0
14782,2022,7,서울,서초구,0
14781,2022,7,서울,관악구,0
14780,2022,7,서울,동작구,0
14779,2022,7,서울,영등포구,0
14778,2022,7,서울,금천구,0
14777,2022,7,서울,구로구,1
14776,2022,7,서울,강서구,0
14775,2022,7,서울,양천구,0
14774,2022,7,서울,마포구,245
14773,2022,7,서울,서대문구,0
14772,2022,7,서울,은평구,0
14771,2022,7,서울,노원구,0
14770,2022,7,서울,도봉구,60
14769,2022,7,서울,강북구,197
14768,2022,7,서울,성북구,0
14767,2022,7,서울,중랑구,0
14766,2022,7,서울,동대문구,52
14765,2022,7,서울,광진구,3
14764,2022,7,서울,성동구,0
14763,2022,7,서울,용산구,0
14762,2022,7,서울,중구,2
14761,2022,7,서울,종로구,0
14760,2022,7,서울,계,592
14539,2022,6,서울,강동구,32
14538,2022,6,서울,송파구,0
14537,2022,6,서울,강남구,0
14536,2022,6,서울,서초구,0
14535,2022,6,서울,관악구,0
14534,2022,6,서울,동작구,0
14533,2022,6,서울,영등포구,0
14532,2022,6,서울,금천구,0
14531,2022,6,서울,구로구,1
14530,2022,6,서울,강서구,0
14529,2022,6,서울,양천구,0
14528,2022,6,서울,마포구,245
14527,2022,6,서울,서대문구,0
14526,2022,6,서울,은평구,0
14525,2022,6,서울,노원구,0
14524,2022,6,서울,도봉구,63
14523,2022,6,서울,강북구,318
14522,2022,6,서울,성북구,0
14521,2022,6,서울,중랑구,0
14520,2022,6,서울,동대문구,55
14519,2022,6,서울,광진구,3
14518,2022,6,서울,성동구,0
14517,2022,6,서울,용산구,0
14516,2022,6,서울,중구,2
14515,2022,6,서울,종로구,0
14514,2022,6,서울,계,719
14293,2022,5,서울,강동구,33
14292,2022,5,서울,송파구,0
14291,2022,5,서울,강남구,0
14290,2022,5,서울,서초구,0
14289,2022,5,서울,관악구,0
14288,2022,5,서울,동작구,0
14287,2022,5,서울,영등포구,0
14286,2022,5,서울,금천구,0
14285,2022,5,서울,구로구,4
14284,2022,5,서울,강서구,0
14283,2022,5,서울,양천구,0
14282,2022,5,서울,마포구,245
14281,2022,5,서울,서대문구,0
14280,2022,5,서울,은평구,0
14279,2022,5,서울,노원구,0
14278,2022,5,서울,도봉구,0
14277,2022,5,서울,강북구,332
14276,2022,5,서울,성북구,0
14275,2022,5,서울,중랑구,0
14274,2022,5,서울,동대문구,69
14273,2022,5,서울,광진구,3
14272,2022,5,서울,성동구,0
14271,2022,5,서울,용산구,0
14270,2022,5,서울,중구,2
14269,2022,5,서울,종로구,0
14268,2022,5,서울,계,688
14047,2022,4,서울,강동구,36
14046,2022,4,서울,송파구,0
14045,2022,4,서울,강남구,0
14044,2022,4,서울,서초구,0
14043,2022,4,서울,관악구,0
14042,2022,4,서울,동작구,0
14041,2022,4,서울,영등포구,0
14040,2022,4,서울,금천구,0
14039,2022,4,서울,구로구,29
14038,2022,4,서울,강서구,0
14037,2022,4,서울,양천구,0
14036,2022,4,서울,마포구,0
14035,2022,4,서울,서대문구,0
14034,2022,4,서울,은평구,0
14033,2022,4,서울,노원구,0
14032,2022,4,서울,도봉구,0
14031,2022,4,서울,강북구,195
14030,2022,4,서울,성북구,0
14029,2022,4,서울,중랑구,0
14028,2022,4,서울,동대문구,95
14027,2022,4,서울,광진구,3
14026,2022,4,서울,성동구,0
14025,2022,4,서울,용산구,0
14024,2022,4,서울,중구,2
14023,2022,4,서울,종로구,0
14022,2022,4,서울,계,360
13801,2022,3,서울,강동구,41
13800,2022,3,서울,송파구,0
13799,2022,3,서울,강남구,0
13798,2022,3,서울,서초구,0
13797,2022,3,서울,관악구,0
13796,2022,3,서울,동작구,0
13795,2022,3,서울,영등포구,0
13794,2022,3,서울,금천구,0
13793,2022,3,서울,구로구,1
13792,2022,3,서울,강서구,0
13791,2022,3,서울,양천구,0
13790,2022,3,서울,마포구,0
13789,2022,3,서울,서대문구,0
13788,2022,3,서울,은평구,0
13787,2022,3,서울,노원구,0
13786,2022,3,서울,도봉구,0
13785,2022,3,서울,강북구,0
13784,2022,3,서울,성북구,0
13783,2022,3,서울,중랑구,0
13782,2022,3,서울,동대문구,133
13781,2022,3,서울,광진구,3
13780,2022,3,서울,성동구,0
13779,2022,3,서울,용산구,0
13778,2022,3,서울,중구,2
13777,2022,3,서울,종로구,0
13776,2022,3,서울,계,180
13555,2022,2,서울,강동구,41
13554,2022,2,서울,송파구,0
13553,2022,2,서울,강남구,0
13552,2022,2,서울,서초구,0
13551,2022,2,서울,관악구,0
13550,2022,2,서울,동작구,0
13549,2022,2,서울,영등포구,0
13548,2022,2,서울,금천구,0
13547,2022,2,서울,구로구,1
13546,2022,2,서울,강서구,0
13545,2022,2,서울,양천구,0
13544,2022,2,서울,마포구,0
13543,2022,2,서울,서대문구,0
13542,2022,2,서울,은평구,0
13541,2022,2,서울,노원구,0
13540,2022,2,서울,도봉구,0
13539,2022,2,서울,강북구,0
13538,2022,2,서울,성북구,0
13537,2022,2,서울,중랑구,0
13536,2022,2,서울,동대문구,0
13535,2022,2,서울,광진구,3
13534,2022,2,서울,성동구,0
13533,2022,2,서울,용산구,0
13532,2022,2,서울,중구,2
13531,2022,2,서울,종로구,0
13530,2022,2,서울,계,47
13309,2022,1,서울,강동구,41
13308,2022,1,서울,송파구,0
13307,2022,1,서울,강남구,0
13306,2022,1,서울,서초구,0
13305,2022,1,서울,관악구,0
13304,2022,1,서울,동작구,0
13303,2022,1,서울,영등포구,0
13302,2022,1,서울,금천구,0
13301,2022,1,서울,구로구,1
13300,2022,1,서울,강서구,0
13299,2022,1,서울,양천구,0
13298,2022,1,서울,마포구,0
13297,2022,1,서울,서대문구,0
13296,2022,1,서울,은평구,0
13295,2022,1,서울,노원구,0
13294,2022,1,서울,도봉구,0
13293,2022,1,서울,강북구,0
13292,2022,1,서울,성북구,0
13291,2022,1,서울,중랑구,0
13290,2022,1,서울,동대문구,0
13289,2022,1,서울,광진구,3
13288,2022,1,서울,성동구,0
13287,2022,1,서울,용산구,0
13286,2022,1,서울,중구,2
13285,2022,1,서울,종로구,0
13284,2022,1,서울,계,47
13063,2021,12,서울,강동구,46
13062,2021,12,서울,송파구,0
13061,2021,12,서울,강남구,0
13060,2021,12,서울,서초구,0
13059,2021,12,서울,관악구,0
13058,2021,12,서울,동작구,0
13057,2021,12,서울,영등포구,0
13056,2021,12,서울,금천구,0
13055,2021,12,서울,구로구,1
13054,2021,12,서울,강서구,0
13053,2021,12,서울,양천구,0
13052,2021,12,서울,마포구,0
13051,2021,12,서울,서대문구,0
13050,2021,12,서울,은평구,0
13049,2021,12,서울,노원구,0
13048,2021,12,서울,도봉구,0
13047,2021,12,서울,강북구,0
13046,2021,12,서울,성북구,0
13045,2021,12,서울,중랑구,0
13044,2021,12,서울,동대문구,0
13043,2021,12,서울,광진구,5
13042,2021,12,서울,성동구,0
13041,2021,12,서울,용산구,0
13040,2021,12,서울,중구,2
13039,2021,12,서울,종로구,0
13038,2021,12,서울,계,54
12817,2021,11,서울,강동구,46
12816,2021,11,서울,송파구,0
12815,2021,11,서울,강남구,0
12814,2021,11,서울,서초구,0
12813,2021,11,서울,관악구,0
12812,2021,11,서울,동작구,0
12811,2021,11,서울,영등포구,0
12810,2021,11,서울,금천구,0
12809,2021,11,서울,구로구,1
12808,2021,11,서울,강서구,0
12807,2021,11,서울,양천구,0
12806,2021,11,서울,마포구,0
12805,2021,11,서울,서대문구,0
12804,2021,11,서울,은평구,0
12803,2021,11,서울,노원구,0
12802,2021,11,서울,도봉구,0
12801,2021,11,서울,강북구,0
12800,2021,11,서울,성북구,0
12799,2021,11,서울,중랑구,0
12798,2021,11,서울,동대문구,0
12797,2021,11,서울,광진구,5
12796,2021,11,서울,성동구,0
12795,2021,11,서울,용산구,0
12794,2021,11,서울,중구,2
12793,2021,11,서울,종로구,0
12792,2021,11,서울,계,54
12571,2021,10,서울,강동구,46
12570,2021,10,서울,송파구,0
12569,2021,10,서울,강남구,0
12568,2021,10,서울,서초구,0
12567,2021,10,서울,관악구,0
12566,2021,10,서울,동작구,0
12565,2021,10,서울,영등포구,0
12564,2021,10,서울,금천구,0
12563,2021,10,서울,구로구,4
12562,2021,10,서울,강서구,0
12561,2021,10,서울,양천구,0
12560,2021,10,서울,마포구,0
12559,2021,10,서울,서대문구,0
12558,2021,10,서울,은평구,0
12557,2021,10,서울,노원구,0
12556,2021,10,서울,도봉구,0
12555,2021,10,서울,강북구,0
12554,2021,10,서울,성북구,0
12553,2021,10,서울,중랑구,0
12552,2021,10,서울,동대문구,0
12551,2021,10,서울,광진구,5
12550,2021,10,서울,성동구,0
12549,2021,10,서울,용산구,0
12548,2021,10,서울,중구,0
12547,2021,10,서울,종로구,0
12546,2021,10,서울,계,55
12325,2021,9,서울,강동구,46
12324,2021,9,서울,송파구,0
12323,2021,9,서울,강남구,0
12322,2021,9,서울,서초구,0
12321,2021,9,서울,관악구,0
12320,2021,9,서울,동작구,0
12319,2021,9,서울,영등포구,0
12318,2021,9,서울,금천구,0
12317,2021,9,서울,구로구,4
12316,2021,9,서울,강서구,0
12315,2021,9,서울,양천구,0
12314,2021,9,서울,마포구,0
12313,2021,9,서울,서대문구,0
12312,2021,9,서울,은평구,0
12311,2021,9,서울,노원구,0
12310,2021,9,서울,도봉구,0
12309,2021,9,서울,강북구,0
12308,2021,9,서울,성북구,0
12307,2021,9,서울,중랑구,0
12306,2021,9,서울,동대문구,0
12305,2021,9,서울,광진구,5
12304,2021,9,서울,성동구,0
12303,2021,9,서울,용산구,0
12302,2021,9,서울,중구,0
12301,2021,9,서울,종로구,0
12300,2021,9,서울,계,55
11833,2021,8,서울,강동구,46
11832,2021,8,서울,송파구,0
11831,2021,8,서울,강남구,0
11830,2021,8,서울,서초구,0
11829,2021,8,서울,관악구,0
11828,2021,8,서울,동작구,0
11827,2021,8,서울,영등포구,0
11826,2021,8,서울,금천구,0
11825,2021,8,서울,구로구,4
11824,2021,8,서울,강서구,0
11823,2021,8,서울,양천구,0
11822,2021,8,서울,마포구,0
11821,2021,8,서울,서대문구,0
11820,2021,8,서울,은평구,0
11819,2021,8,서울,노원구,0
11818,2021,8,서울,도봉구,0
11817,2021,8,서울,강북구,0
11816,2021,8,서울,성북구,0
11815,2021,8,서울,중랑구,0
11814,2021,8,서울,동대문구,0
11813,2021,8,서울,광진구,5
11812,2021,8,서울,성동구,0
11811,2021,8,서울,용산구,0
11810,2021,8,서울,중구,0
11809,2021,8,서울,종로구,0
11808,2021,8,서울,계,55
11587,2021,7,서울,강동구,47
11586,2021,7,서울,송파구,0
11585,2021,7,서울,강남구,0
11584,2021,7,서울,서초구,0
11583,2021,7,서울,관악구,0
11582,2021,7,서울,동작구,0
11581,2021,7,서울,영등포구,0
11580,2021,7,서울,금천구,0
11579,2021,7,서울,구로구,11
11578,2021,7,서울,강서구,0
11577,2021,7,서울,양천구,0
11576,2021,7,서울,마포구,0
11575,2021,7,서울,서대문구,0
11574,2021,7,서울,은평구,0
11573,2021,7,서울,노원구,0
11572,2021,7,서울,도봉구,0
11571,2021,7,서울,강북구,0
11570,2021,7,서울,성북구,0
11569,2021,7,서울,중랑구,0
11568,2021,7,서울,동대문구,0
11567,2021,7,서울,광진구,1
11566,2021,7,서울,성동구,0
11565,2021,7,서울,용산구,0
11564,2021,7,서울,중구,0
11563,2021,7,서울,종로구,0
11562,2021,7,서울,계,59
11341,2021,6,서울,강동구,47
11340,2021,6,서울,송파구,0
11339,2021,6,서울,강남구,0
11338,2021,6,서울,서초구,0
11337,2021,6,서울,관악구,0
11336,2021,6,서울,동작구,0
11335,2021,6,서울,영등포구,0
11334,2021,6,서울,금천구,0
11333,2021,6,서울,구로구,17
11332,2021,6,서울,강서구,0
11331,2021,6,서울,양천구,0
11330,2021,6,서울,마포구,0
11329,2021,6,서울,서대문구,0
11328,2021,6,서울,은평구,0
11327,2021,6,서울,노원구,0
11326,2021,6,서울,도봉구,0
11325,2021,6,서울,강북구,0
11324,2021,6,서울,성북구,0
11323,2021,6,서울,중랑구,0
11322,2021,6,서울,동대문구,0
11321,2021,6,서울,광진구,1
11320,2021,6,서울,성동구,0
11319,2021,6,서울,용산구,0
11318,2021,6,서울,중구,0
11317,2021,6,서울,종로구,0
11316,2021,6,서울,계,65
11095,2021,5,서울,강동구,47
11094,2021,5,서울,송파구,0
11093,2021,5,서울,강남구,0
11092,2021,5,서울,서초구,0
11091,2021,5,서울,관악구,0
11090,2021,5,서울,동작구,0
11089,2021,5,서울,영등포구,0
11088,2021,5,서울,금천구,0
11087,2021,5,서울,구로구,23
11086,2021,5,서울,강서구,0
11085,2021,5,서울,양천구,0
11084,2021,5,서울,마포구,0
11083,2021,5,서울,서대문구,0
11082,2021,5,서울,은평구,0
11081,2021,5,서울,노원구,0
11080,2021,5,서울,도봉구,0
11079,2021,5,서울,강북구,0
11078,2021,5,서울,성북구,0
11077,2021,5,서울,중랑구,0
11076,2021,5,서울,동대문구,0
11075,2021,5,서울,광진구,1
11074,2021,5,서울,성동구,0
11073,2021,5,서울,용산구,0
11072,2021,5,서울,중구,0
11071,2021,5,서울,종로구,0
11070,2021,5,서울,계,71
10849,2021,4,서울,강동구,47
10848,2021,4,서울,송파구,0
10847,2021,4,서울,강남구,0
10846,2021,4,서울,서초구,0
10845,2021,4,서울,관악구,0
10844,2021,4,서울,동작구,0
10843,2021,4,서울,영등포구,0
10842,2021,4,서울,금천구,0
10841,2021,4,서울,구로구,28
10840,2021,4,서울,강서구,0
10839,2021,4,서울,양천구,0
10838,2021,4,서울,마포구,0
10837,2021,4,서울,서대문구,0
10836,2021,4,서울,은평구,0
10835,2021,4,서울,노원구,0
10834,2021,4,서울,도봉구,0
10833,2021,4,서울,강북구,0
10832,2021,4,서울,성북구,0
10831,2021,4,서울,중랑구,0
10830,2021,4,서울,동대문구,0
10829,2021,4,서울,광진구,1
10828,2021,4,서울,성동구,0
10827,2021,4,서울,용산구,0
10826,2021,4,서울,중구,0
10825,2021,4,서울,종로구,0
10824,2021,4,서울,계,76
10603,2021,3,서울,강동구,47
10602,2021,3,서울,송파구,0
10601,2021,3,서울,강남구,0
10600,2021,3,서울,서초구,0
10599,2021,3,서울,관악구,0
10598,2021,3,서울,동작구,0
10597,2021,3,서울,영등포구,0
10596,2021,3,서울,금천구,0
10595,2021,3,서울,구로구,34
10594,2021,3,서울,강서구,0
10593,2021,3,서울,양천구,0
10592,2021,3,서울,마포구,0
10591,2021,3,서울,서대문구,0
10590,2021,3,서울,은평구,0
10589,2021,3,서울,노원구,0
10588,2021,3,서울,도봉구,0
10587,2021,3,서울,강북구,0
10586,2021,3,서울,성북구,0
10585,2021,3,서울,중랑구,0
10584,2021,3,서울,동대문구,0
10583,2021,3,서울,광진구,1
10582,2021,3,서울,성동구,0
10581,2021,3,서울,용산구,0
10580,2021,3,서울,중구,0
10579,2021,3,서울,종로구,0
10578,2021,3,서울,계,82
10357,2021,2,서울,강동구,48
10356,2021,2,서울,송파구,0
10355,2021,2,서울,강남구,0
10354,2021,2,서울,서초구,0
10353,2021,2,서울,관악구,0
10352,2021,2,서울,동작구,0
10351,2021,2,서울,영등포구,0
10350,2021,2,서울,금천구,0
10349,2021,2,서울,구로구,39
10348,2021,2,서울,강서구,0
10347,2021,2,서울,양천구,0
10346,2021,2,서울,마포구,0
10345,2021,2,서울,서대문구,0
10344,2021,2,서울,은평구,0
10343,2021,2,서울,노원구,0
10342,2021,2,서울,도봉구,0
10341,2021,2,서울,강북구,0
10340,2021,2,서울,성북구,0
10339,2021,2,서울,중랑구,0
10338,2021,2,서울,동대문구,0
10337,2021,2,서울,광진구,1
10336,2021,2,서울,성동구,0
10335,2021,2,서울,용산구,0
10334,2021,2,서울,중구,0
10333,2021,2,서울,종로구,0
10332,2021,2,서울,계,88
10111,2021,1,서울,강동구,48
10110,2021,1,서울,송파구,0
10108,2021,1,서울,서초구,0
10107,2021,1,서울,관악구,0
10101,2021,1,서울,양천구,0
10096,2021,1,서울,도봉구,0
10091,2021,1,서울,광진구,1
10090,2021,1,서울,성동구,0
10086,2021,1,서울,계,49
9865,2020,12,서울,강동구,48
9864,2020,12,서울,송파구,0
9862,2020,12,서울,서초구,0
9861,2020,12,서울,관악구,0
9855,2020,12,서울,양천구,0
9850,2020,12,서울,도봉구,0
9845,2020,12,서울,광진구,1
9844,2020,12,서울,성동구,0
9840,2020,12,서울,계,49
9619,2020,11,서울,강동구,50
9618,2020,11,서울,송파구,0
9616,2020,11,서울,서초구,0
9615,2020,11,서울,관악구,0
9609,2020,11,서울,양천구,0
9604,2020,11,서울,도봉구,0
9599,2020,11,서울,광진구,2
9598,2020,11,서울,성동구,0
9594,2020,11,서울,계,52
9373,2020,10,서울,강동구,50
9372,2020,10,서울,송파구,0
9370,2020,10,서울,서초구,0
9369,2020,10,서울,관악구,0
9363,2020,10,서울,양천구,0
9358,2020,10,서울,도봉구,0
9353,2020,10,서울,광진구,2
9352,2020,10,서울,성동구,0
9348,2020,10,서울,계,52
9127,2020,9,서울,강동구,50
9126,2020,9,서울,송파구,0
9124,2020,9,서울,서초구,0
9123,2020,9,서울,관악구,0
9117,2020,9,서울,양천구,0
9112,2020,9,서울,도봉구,2
9107,2020,9,서울,광진구,2
9106,2020,9,서울,성동구,0
9102,2020,9,서울,계,54
8881,2020,8,서울,강동구,50
8880,2020,8,서울,송파구,0
8878,2020,8,서울,서초구,0
8877,2020,8,서울,관악구,0
8871,2020,8,서울,양천구,0
8866,2020,8,서울,도봉구,4
8861,2020,8,서울,광진구,2
8860,2020,8,서울,성동구,0
8856,2020,8,서울,계,56
8635,2020,7,서울,강동구,50
8634,2020,7,서울,송파구,0
8632,2020,7,서울,서초구,0
8631,2020,7,서울,관악구,0
8625,2020,7,서울,양천구,0
8620,2020,7,서울,도봉구,6
8615,2020,7,서울,광진구,2
8614,2020,7,서울,성동구,0
8610,2020,7,서울,계,58
8389,2020,6,서울,강동구,52
8388,2020,6,서울,송파구,1
8386,2020,6,서울,서초구,0
8385,2020,6,서울,관악구,0
8379,2020,6,서울,양천구,0
8374,2020,6,서울,도봉구,6
8369,2020,6,서울,광진구,2
8368,2020,6,서울,성동구,0
8364,2020,6,서울,계,61
8143,2020,5,서울,강동구,56
8142,2020,5,서울,송파구,6
8140,2020,5,서울,서초구,0
8139,2020,5,서울,관악구,0
8133,2020,5,서울,양천구,0
8128,2020,5,서울,도봉구,6
8123,2020,5,서울,광진구,2
8122,2020,5,서울,성동구,0
8118,2020,5,서울,계,70
7897,2020,4,서울,강동구,58
7896,2020,4,서울,송파구,6
7894,2020,4,서울,서초구,0
7893,2020,4,서울,관악구,0
7887,2020,4,서울,양천구,0
7882,2020,4,서울,도봉구,9
7877,2020,4,서울,광진구,2
7876,2020,4,서울,성동구,3
7872,2020,4,서울,계,78
7651,2020,3,서울,강동구,71
7650,2020,3,서울,송파구,6
7648,2020,3,서울,서초구,0
7647,2020,3,서울,관악구,0
7641,2020,3,서울,양천구,0
7636,2020,3,서울,도봉구,9
7631,2020,3,서울,광진구,2
7630,2020,3,서울,성동구,3
7626,2020,3,서울,계,91
7405,2020,2,서울,강동구,91
7404,2020,2,서울,송파구,7
7402,2020,2,서울,서초구,0
7401,2020,2,서울,관악구,0
7395,2020,2,서울,양천구,0
7390,2020,2,서울,도봉구,10
7385,2020,2,서울,광진구,1
7384,2020,2,서울,성동구,3
7380,2020,2,서울,계,112
7159,2020,1,서울,강동구,105
7158,2020,1,서울,송파구,7
7156,2020,1,서울,서초구,0
7155,2020,1,서울,관악구,0
7149,2020,1,서울,양천구,0
7144,2020,1,서울,도봉구,11
7139,2020,1,서울,광진구,5
7138,2020,1,서울,성동구,3
7134,2020,1,서울,계,131
6913,2019,12,서울,강동구,116
6912,2019,12,서울,송파구,7
6910,2019,12,서울,서초구,0
6909,2019,12,서울,관악구,0
6903,2019,12,서울,양천구,3
6898,2019,12,서울,도봉구,15
6893,2019,12,서울,광진구,7
6892,2019,12,서울,성동구,3
6888,2019,12,서울,계,151
6667,2019,11,서울,강동구,123
6666,2019,11,서울,송파구,7
6664,2019,11,서울,서초구,16
6657,2019,11,서울,양천구,3
6652,2019,11,서울,도봉구,17
6647,2019,11,서울,광진구,7
6646,2019,11,서울,성동구,3
6642,2019,11,서울,계,176
6421,2019,10,서울,강동구,134
6420,2019,10,서울,송파구,7
6418,2019,10,서울,서초구,16
6411,2019,10,서울,양천구,3
6406,2019,10,서울,도봉구,18
6401,2019,10,서울,광진구,10
6400,2019,10,서울,성동구,3
6396,2019,10,서울,계,191
6175,2019,9,서울,강동구,136
6174,2019,9,서울,송파구,7
6173,2019,9,서울,강남구,0
6172,2019,9,서울,서초구,16
6171,2019,9,서울,관악구,0
6170,2019,9,서울,동작구,0
6169,2019,9,서울,영등포구,0
6168,2019,9,서울,금천구,0
6167,2019,9,서울,구로구,0
6166,2019,9,서울,강서구,0
6165,2019,9,서울,양천구,3
6164,2019,9,서울,마포구,0
6163,2019,9,서울,서대문구,0
6162,2019,9,서울,은평구,0
6161,2019,9,서울,노원구,0
6160,2019,9,서울,도봉구,22
6159,2019,9,서울,강북구,0
6158,2019,9,서울,성북구,0
6157,2019,9,서울,중랑구,0
6156,2019,9,서울,동대문구,0
6155,2019,9,서울,광진구,20
6154,2019,9,서울,성동구,3
6153,2019,9,서울,용산구,0
6152,2019,9,서울,중구,0
6151,2019,9,서울,종로구,0
6150,2019,9,서울,계,207
5929,2019,8,서울,강동구,137
5928,2019,8,서울,송파구,8
5927,2019,8,서울,강남구,0
5926,2019,8,서울,서초구,16
5925,2019,8,서울,관악구,0
5924,2019,8,서울,동작구,0
5923,2019,8,서울,영등포구,0
5922,2019,8,서울,금천구,0
5921,2019,8,서울,구로구,0
5920,2019,8,서울,강서구,0
5919,2019,8,서울,양천구,3
5918,2019,8,서울,마포구,0
5917,2019,8,서울,서대문구,0
5916,2019,8,서울,은평구,0
5915,2019,8,서울,노원구,0
5914,2019,8,서울,도봉구,24
5913,2019,8,서울,강북구,0
5912,2019,8,서울,성북구,0
5911,2019,8,서울,중랑구,0
5910,2019,8,서울,동대문구,0
5909,2019,8,서울,광진구,14
5908,2019,8,서울,성동구,3
5907,2019,8,서울,용산구,0
5906,2019,8,서울,중구,0
5905,2019,8,서울,종로구,0
5904,2019,8,서울,계,205
5683,2019,7,서울,강동구,137
5682,2019,7,서울,송파구,8
5681,2019,7,서울,강남구,0
5680,2019,7,서울,서초구,16
5679,2019,7,서울,관악구,0
5678,2019,7,서울,동작구,0
5677,2019,7,서울,영등포구,0
5676,2019,7,서울,금천구,0
5675,2019,7,서울,구로구,0
5674,2019,7,서울,강서구,0
5673,2019,7,서울,양천구,3
5672,2019,7,서울,마포구,0
5671,2019,7,서울,서대문구,0
5670,2019,7,서울,은평구,0
5669,2019,7,서울,노원구,0
5668,2019,7,서울,도봉구,5
5667,2019,7,서울,강북구,0
5666,2019,7,서울,성북구,0
5665,2019,7,서울,중랑구,0
5664,2019,7,서울,동대문구,0
5663,2019,7,서울,광진구,18
5662,2019,7,서울,성동구,3
5661,2019,7,서울,용산구,0
5660,2019,7,서울,중구,0
5659,2019,7,서울,종로구,0
5658,2019,7,서울,계,190
5437,2019,6,서울,강동구,13
5436,2019,6,서울,송파구,8
5434,2019,6,서울,서초구,16
5427,2019,6,서울,양천구,3
5422,2019,6,서울,도봉구,5
5418,2019,6,서울,동대문구,75
5417,2019,6,서울,광진구,3
5412,2019,6,서울,계,123
5191,2019,5,서울,강동구,13
5190,2019,5,서울,송파구,8
5189,2019,5,서울,강남구,20
5188,2019,5,서울,서초구,16
5181,2019,5,서울,양천구,3
5176,2019,5,서울,도봉구,5
5171,2019,5,서울,광진구,110
5170,2019,5,서울,성동구,3
5166,2019,5,서울,계,178
4945,2019,4,서울,강동구,13
4944,2019,4,서울,송파구,8
4942,2019,4,서울,서초구,16
4935,2019,4,서울,양천구,3
4930,2019,4,서울,도봉구,5
4925,2019,4,서울,광진구,244
4924,2019,4,서울,성동구,3
4920,2019,4,서울,계,292
4699,2019,3,서울,강동구,14
4698,2019,3,서울,송파구,8
4697,2019,3,서울,강남구,0
4696,2019,3,서울,서초구,16
4695,2019,3,서울,관악구,0
4694,2019,3,서울,동작구,0
4693,2019,3,서울,영등포구,0
4692,2019,3,서울,금천구,0
4691,2019,3,서울,구로구,0
4690,2019,3,서울,강서구,0
4689,2019,3,서울,양천구,3
4688,2019,3,서울,마포구,0
4687,2019,3,서울,서대문구,0
4686,2019,3,서울,은평구,0
4685,2019,3,서울,노원구,0
4684,2019,3,서울,도봉구,5
4683,2019,3,서울,강북구,0
4682,2019,3,서울,성북구,0
4681,2019,3,서울,중랑구,0
4680,2019,3,서울,동대문구,0
4679,2019,3,서울,광진구,721
4678,2019,3,서울,성동구,3
4677,2019,3,서울,용산구,0
4676,2019,3,서울,중구,0
4675,2019,3,서울,종로구,0
4674,2019,3,서울,계,770
4453,2019,2,서울,강동구,15
4452,2019,2,서울,송파구,8
4451,2019,2,서울,강남구,0
4450,2019,2,서울,서초구,16
4449,2019,2,서울,관악구,0
4448,2019,2,서울,동작구,0
4447,2019,2,서울,영등포구,0
4446,2019,2,서울,금천구,0
4445,2019,2,서울,구로구,0
4444,2019,2,서울,강서구,0
4443,2019,2,서울,양천구,3
4442,2019,2,서울,마포구,0
4441,2019,2,서울,서대문구,0
4440,2019,2,서울,은평구,0
4439,2019,2,서울,노원구,0
4438,2019,2,서울,도봉구,5
4437,2019,2,서울,강북구,0
4436,2019,2,서울,성북구,0
4435,2019,2,서울,중랑구,0
4434,2019,2,서울,동대문구,0
4433,2019,2,서울,광진구,0
4432,2019,2,서울,성동구,3
4431,2019,2,서울,용산구,0
4430,2019,2,서울,중구,0
4429,2019,2,서울,종로구,0
4428,2019,2,서울,계,50
4207,2019,1,서울,강동구,0
4206,2019,1,서울,송파구,8
4205,2019,1,서울,강남구,0
4204,2019,1,서울,서초구,16
4203,2019,1,서울,관악구,0
4202,2019,1,서울,동작구,0
4201,2019,1,서울,영등포구,0
4200,2019,1,서울,금천구,0
4199,2019,1,서울,구로구,0
4198,2019,1,서울,강서구,0
4197,2019,1,서울,양천구,3
4196,2019,1,서울,마포구,0
4195,2019,1,서울,서대문구,0
4194,2019,1,서울,은평구,0
4193,2019,1,서울,노원구,0
4192,2019,1,서울,도봉구,0
4191,2019,1,서울,강북구,0
4190,2019,1,서울,성북구,0
4189,2019,1,서울,중랑구,0
4188,2019,1,서울,동대문구,0
4187,2019,1,서울,광진구,0
4186,2019,1,서울,성동구,0
4185,2019,1,서울,용산구,0
4184,2019,1,서울,중구,0
4183,2019,1,서울,종로구,0
4182,2019,1,서울,계,27
3961,2018,12,서울,강동구,0
3960,2018,12,서울,송파구,8
3959,2018,12,서울,강남구,0
3958,2018,12,서울,서초구,16
3957,2018,12,서울,관악구,0
3956,2018,12,서울,동작구,0
3955,2018,12,서울,영등포구,0
3954,2018,12,서울,금천구,0
3953,2018,12,서울,구로구,0
3952,2018,12,서울,강서구,0
3951,2018,12,서울,양천구,3
3950,2018,12,서울,마포구,0
3949,2018,12,서울,서대문구,0
3948,2018,12,서울,은평구,0
3947,2018,12,서울,노원구,0
3946,2018,12,서울,도봉구,0
3945,2018,12,서울,강북구,0
3944,2018,12,서울,성북구,0
3943,2018,12,서울,중랑구,0
3942,2018,12,서울,동대문구,0
3941,2018,12,서울,광진구,0
3940,2018,12,서울,성동구,0
3939,2018,12,서울,용산구,0
3938,2018,12,서울,중구,0
3937,2018,12,서울,종로구,0
3936,2018,12,서울,계,27
3715,2018,11,서울,강동구,0
3714,2018,11,서울,송파구,8
3713,2018,11,서울,강남구,0
3712,2018,11,서울,서초구,16
3711,2018,11,서울,관악구,0
3710,2018,11,서울,동작구,0
3709,2018,11,서울,영등포구,0
3708,2018,11,서울,금천구,0
3707,2018,11,서울,구로구,0
3706,2018,11,서울,강서구,0
3705,2018,11,서울,양천구,3
3704,2018,11,서울,마포구,0
3703,2018,11,서울,서대문구,0
3702,2018,11,서울,은평구,0
3701,2018,11,서울,노원구,0
3700,2018,11,서울,도봉구,0
3699,2018,11,서울,강북구,0
3698,2018,11,서울,성북구,0
3697,2018,11,서울,중랑구,0
3696,2018,11,서울,동대문구,0
3695,2018,11,서울,광진구,0
3694,2018,11,서울,성동구,0
3693,2018,11,서울,용산구,0
3692,2018,11,서울,중구,0
3691,2018,11,서울,종로구,1
3690,2018,11,서울,계,28
3468,2018,10,서울,송파구,8
3466,2018,10,서울,서초구,16
3459,2018,10,서울,양천구,3
3445,2018,10,서울,종로구,1
3444,2018,10,서울,계,28
3222,2018,9,서울,송파구,8
3220,2018,9,서울,서초구,16
3215,2018,9,서울,구로구,1
3213,2018,9,서울,양천구,3
3199,2018,9,서울,종로구,1
3198,2018,9,서울,계,29
2977,2018,8,서울,강동구,0
2976,2018,8,서울,송파구,8
2975,2018,8,서울,강남구,0
2974,2018,8,서울,서초구,16
2973,2018,8,서울,관악구,0
2972,2018,8,서울,동작구,0
2971,2018,8,서울,영등포구,0
2970,2018,8,서울,금천구,0
2969,2018,8,서울,구로구,11
2968,2018,8,서울,강서구,0
2967,2018,8,서울,양천구,3
2966,2018,8,서울,마포구,0
2965,2018,8,서울,서대문구,0
2964,2018,8,서울,은평구,0
2963,2018,8,서울,노원구,0
2962,2018,8,서울,도봉구,0
2961,2018,8,서울,강북구,0
2960,2018,8,서울,성북구,0
2959,2018,8,서울,중랑구,0
2958,2018,8,서울,동대문구,0
2957,2018,8,서울,광진구,0
2956,2018,8,서울,성동구,0
2955,2018,8,서울,용산구,0
2954,2018,8,서울,중구,0
2953,2018,8,서울,종로구,1
2952,2018,8,서울,계,39
2731,2018,7,서울,강동구,0
2730,2018,7,서울,송파구,8
2729,2018,7,서울,강남구,0
2728,2018,7,서울,서초구,16
2727,2018,7,서울,관악구,0
2726,2018,7,서울,동작구,0
2725,2018,7,서울,영등포구,0
2724,2018,7,서울,금천구,0
2723,2018,7,서울,구로구,12
2722,2018,7,서울,강서구,0
2721,2018,7,서울,양천구,3
2720,2018,7,서울,마포구,0
2719,2018,7,서울,서대문구,0
2718,2018,7,서울,은평구,0
2717,2018,7,서울,노원구,0
2716,2018,7,서울,도봉구,2
2715,2018,7,서울,강북구,0
2714,2018,7,서울,성북구,0
2713,2018,7,서울,중랑구,0
2712,2018,7,서울,동대문구,0
2711,2018,7,서울,광진구,0
2710,2018,7,서울,성동구,0
2709,2018,7,서울,용산구,0
2708,2018,7,서울,중구,0
2707,2018,7,서울,종로구,1
2706,2018,7,서울,계,42
2485,2018,6,서울,강동구,0
2484,2018,6,서울,송파구,8
2483,2018,6,서울,강남구,0
2482,2018,6,서울,서초구,16
2481,2018,6,서울,관악구,0
2480,2018,6,서울,동작구,0
2479,2018,6,서울,영등포구,0
2478,2018,6,서울,금천구,0
2477,2018,6,서울,구로구,17
2476,2018,6,서울,강서구,0
2475,2018,6,서울,양천구,3
2474,2018,6,서울,마포구,0
2473,2018,6,서울,서대문구,0
2472,2018,6,서울,은평구,0
2471,2018,6,서울,노원구,0
2470,2018,6,서울,도봉구,2
2469,2018,6,서울,강북구,0
2468,2018,6,서울,성북구,0
2467,2018,6,서울,중랑구,0
2466,2018,6,서울,동대문구,0
2465,2018,6,서울,광진구,0
2464,2018,6,서울,성동구,0
2463,2018,6,서울,용산구,0
2462,2018,6,서울,중구,0
2461,2018,6,서울,종로구,1
2460,2018,6,서울,계,47
2239,2018,5,서울,강동구,0
2238,2018,5,서울,송파구,8
2237,2018,5,서울,강남구,0
2236,2018,5,서울,서초구,16
2235,2018,5,서울,관악구,0
2234,2018,5,서울,동작구,0
2233,2018,5,서울,영등포구,0
2232,2018,5,서울,금천구,0
2231,2018,5,서울,구로구,17
2230,2018,5,서울,강서구,0
2229,2018,5,서울,양천구,3
2228,2018,5,서울,마포구,0
2227,2018,5,서울,서대문구,0
2226,2018,5,서울,은평구,0
2225,2018,5,서울,노원구,0
2224,2018,5,서울,도봉구,2
2223,2018,5,서울,강북구,0
2222,2018,5,서울,성북구,0
2221,2018,5,서울,중랑구,0
2220,2018,5,서울,동대문구,0
2219,2018,5,서울,광진구,0
2218,2018,5,서울,성동구,0
2217,2018,5,서울,용산구,0
2216,2018,5,서울,중구,0
2215,2018,5,서울,종로구,1
2214,2018,5,서울,계,47
1993,2018,4,서울,강동구,0
1992,2018,4,서울,송파구,8
1991,2018,4,서울,강남구,0
1990,2018,4,서울,서초구,16
1989,2018,4,서울,관악구,0
1988,2018,4,서울,동작구,0
1987,2018,4,서울,영등포구,0
1986,2018,4,서울,금천구,0
1985,2018,4,서울,구로구,17
1984,2018,4,서울,강서구,0
1983,2018,4,서울,양천구,3
1982,2018,4,서울,마포구,0
1981,2018,4,서울,서대문구,0
1980,2018,4,서울,은평구,0
1979,2018,4,서울,노원구,0
1978,2018,4,서울,도봉구,2
1977,2018,4,서울,강북구,0
1976,2018,4,서울,성북구,0
1975,2018,4,서울,중랑구,0
1974,2018,4,서울,동대문구,0
1973,2018,4,서울,광진구,0
1972,2018,4,서울,성동구,0
1971,2018,4,서울,용산구,0
1970,2018,4,서울,중구,0
1969,2018,4,서울,종로구,1
1968,2018,4,서울,계,47
1747,2018,3,서울,강동구,0
1746,2018,3,서울,송파구,8
1745,2018,3,서울,강남구,0
1744,2018,3,서울,서초구,16
1743,2018,3,서울,관악구,0
1742,2018,3,서울,동작구,0
1741,2018,3,서울,영등포구,0
1740,2018,3,서울,금천구,0
1739,2018,3,서울,구로구,18
1738,2018,3,서울,강서구,0
1737,2018,3,서울,양천구,3
1736,2018,3,서울,마포구,0
1735,2018,3,서울,서대문구,0
1734,2018,3,서울,은평구,0
1733,2018,3,서울,노원구,0
1732,2018,3,서울,도봉구,2
1731,2018,3,서울,강북구,0
1730,2018,3,서울,성북구,0
1729,2018,3,서울,중랑구,0
1728,2018,3,서울,동대문구,0
1727,2018,3,서울,광진구,0
1726,2018,3,서울,성동구,0
1725,2018,3,서울,용산구,0
1724,2018,3,서울,중구,0
1723,2018,3,서울,종로구,1
1722,2018,3,서울,계,48
1501,2018,2,서울,강동구,0
1500,2018,2,서울,송파구,8
1499,2018,2,서울,강남구,0
1498,2018,2,서울,서초구,16
1497,2018,2,서울,관악구,0
1496,2018,2,서울,동작구,0
1495,2018,2,서울,영등포구,0
1494,2018,2,서울,금천구,0
1493,2018,2,서울,구로구,18
1492,2018,2,서울,강서구,0
1491,2018,2,서울,양천구,3
1490,2018,2,서울,마포구,0
1489,2018,2,서울,서대문구,0
1488,2018,2,서울,은평구,0
1487,2018,2,서울,노원구,0
1486,2018,2,서울,도봉구,2
1485,2018,2,서울,강북구,0
1484,2018,2,서울,성북구,0
1483,2018,2,서울,중랑구,0
1482,2018,2,서울,동대문구,0
1481,2018,2,서울,광진구,0
1480,2018,2,서울,성동구,0
1479,2018,2,서울,용산구,0
1478,2018,2,서울,중구,0
1477,2018,2,서울,종로구,1
1476,2018,2,서울,계,48
1255,2018,1,서울,강동구,0
1254,2018,1,서울,송파구,8
1253,2018,1,서울,강남구,0
1252,2018,1,서울,서초구,16
1251,2018,1,서울,관악구,0
1250,2018,1,서울,동작구,0
1249,2018,1,서울,영등포구,0
1248,2018,1,서울,금천구,0
1247,2018,1,서울,구로구,14
1246,2018,1,서울,강서구,0
1245,2018,1,서울,양천구,3
1244,2018,1,서울,마포구,0
1243,2018,1,서울,서대문구,0
1242,2018,1,서울,은평구,0
1241,2018,1,서울,노원구,0
1240,2018,1,서울,도봉구,2
1239,2018,1,서울,강북구,0
1238,2018,1,서울,성북구,0
1237,2018,1,서울,중랑구,0
1236,2018,1,서울,동대문구,0
1235,2018,1,서울,광진구,0
1234,2018,1,서울,성동구,0
1233,2018,1,서울,용산구,1
1232,2018,1,서울,중구,0
1231,2018,1,서울,종로구,1
1230,2018,1,서울,계,45
1009,2017,12,서울,강동구,0
1008,2017,12,서울,송파구,8
1007,2017,12,서울,강남구,0
1006,2017,12,서울,서초구,16
1005,2017,12,서울,관악구,0
1004,2017,12,서울,동작구,0
1003,2017,12,서울,영등포구,0
1002,2017,12,서울,금천구,0
1001,2017,12,서울,구로구,15
1000,2017,12,서울,강서구,0
999,2017,12,서울,양천구,3
998,2017,12,서울,마포구,0
997,2017,12,서울,서대문구,0
996,2017,12,서울,은평구,0
995,2017,12,서울,노원구,0
994,2017,12,서울,도봉구,2
993,2017,12,서울,강북구,0
992,2017,12,서울,성북구,0
991,2017,12,서울,중랑구,0
990,2017,12,서울,동대문구,0
989,2017,12,서울,광진구,0
988,2017,12,서울,성동구,0
987,2017,12,서울,용산구,0
986,2017,12,서울,중구,0
985,2017,12,서울,종로구,1
984,2017,12,서울,계,45
763,2017,11,서울,강동구,0
762,2017,11,서울,송파구,8
761,2017,11,서울,강남구,0
760,2017,11,서울,서초구,16
759,2017,11,서울,관악구,0
758,2017,11,서울,동작구,0
757,2017,11,서울,영등포구,0
756,2017,11,서울,금천구,0
755,2017,11,서울,구로구,38
754,2017,11,서울,강서구,0
753,2017,11,서울,양천구,3
752,2017,11,서울,마포구,0
751,2017,11,서울,서대문구,0
750,2017,11,서울,은평구,0
749,2017,11,서울,노원구,0
748,2017,11,서울,도봉구,2
747,2017,11,서울,강북구,0
746,2017,11,서울,성북구,0
745,2017,11,서울,중랑구,0
744,2017,11,서울,동대문구,0
743,2017,11,서울,광진구,0
742,2017,11,서울,성동구,0
741,2017,11,서울,용산구,0
740,2017,11,서울,중구,0
739,2017,11,서울,종로구,1
738,2017,11,서울,계,68
517,2017,10,서울,강동구,0
516,2017,10,서울,송파구,8
515,2017,10,서울,강남구,0
514,2017,10,서울,서초구,16
513,2017,10,서울,관악구,0
512,2017,10,서울,동작구,0
511,2017,10,서울,영등포구,0
510,2017,10,서울,금천구,0
509,2017,10,서울,구로구,22
508,2017,10,서울,강서구,0
507,2017,10,서울,양천구,3
506,2017,10,서울,마포구,0
505,2017,10,서울,서대문구,0
504,2017,10,서울,은평구,0
503,2017,10,서울,노원구,0
502,2017,10,서울,도봉구,2
501,2017,10,서울,강북구,0
500,2017,10,서울,성북구,4
499,2017,10,서울,중랑구,0
498,2017,10,서울,동대문구,0
497,2017,10,서울,광진구,0
496,2017,10,서울,성동구,0
495,2017,10,서울,용산구,0
494,2017,10,서울,중구,0
493,2017,10,서울,종로구,1
492,2017,10,서울,계,56
271,2017,9,서울,강동구,0
270,2017,9,서울,송파구,8
269,2017,9,서울,강남구,0
268,2017,9,서울,서초구,16
267,2017,9,서울,관악구,0
266,2017,9,서울,동작구,0
265,2017,9,서울,영등포구,0
264,2017,9,서울,금천구,0
263,2017,9,서울,구로구,39
262,2017,9,서울,강서구,0
261,2017,9,서울,양천구,3
260,2017,9,서울,마포구,0
259,2017,9,서울,서대문구,0
258,2017,9,서울,은평구,0
257,2017,9,서울,노원구,0
256,2017,9,서울,도봉구,2
255,2017,9,서울,강북구,0
254,2017,9,서울,성북구,6
253,2017,9,서울,중랑구,0
252,2017,9,서울,동대문구,0
251,2017,9,서울,광진구,0
250,2017,9,서울,성동구,0
249,2017,9,서울,용산구,0
248,2017,9,서울,중구,0
247,2017,9,서울,종로구,1
246,2017,9,서울,계,75
25,2017,8,서울,강동구,0
24,2017,8,서울,송파구,8
23,2017,8,서울,강남구,0
22,2017,8,서울,서초구,16
21,2017,8,서울,관악구,0
20,2017,8,서울,동작구,0
19,2017,8,서울,영등포구,0
18,2017,8,서울,금천구,0
17,2017,8,서울,구로구,0
16,2017,8,서울,강서구,0
15,2017,8,서울,양천구,3
14,2017,8,서울,마포구,0
13,2017,8,서울,서대문구,0
12,2017,8,서울,은평구,0
11,2017,8,서울,노원구,0
10,2017,8,서울,도봉구,2
9,2017,8,서울,강북구,0
8,2017,8,서울,성북구,8
7,2017,8,서울,중랑구,0
6,2017,8,서울,동대문구,0
5,2017,8,서울,광진구,0
4,2017,8,서울,성동구,1
3,2017,8,서울,용산구,0
2,2017,8,서울,중구,0
1,2017,8,서울,종로구,1
0,2017,8,서울,계,39
