연도,지역,1,2,3,4,5,6,7,8,9,10,11,12,연간 총계,월평균
2005,강원,554.0,991.0,2533.0,876.0,865.0,584.0,0.0,700.0,1623.0,1204.0,1384.0,1789.0,13103.0,1092.0
2005,경기,2258.0,746.0,8789.0,2350.0,9556.0,2636.0,12517.0,1411.0,9087.0,10673.0,21458.0,4821.0,86302.0,7192.0
2005,경남,3760.0,5276.0,1121.0,1624.0,1465.0,572.0,2980.0,3177.0,4060.0,1304.0,3568.0,280.0,29187.0,2432.0
2005,경북,377.0,200.0,3512.0,2201.0,863.0,1275.0,2727.0,2751.0,377.0,925.0,7446.0,1731.0,24385.0,2032.0
2005,광주,3217.0,1059.0,136.0,94.0,1878.0,764.0,382.0,111.0,2026.0,57.0,127.0,5735.0,15586.0,1299.0
2005,대구,62.0,628.0,1932.0,1319.0,1463.0,1189.0,4781.0,1765.0,687.0,1900.0,4851.0,1666.0,22243.0,1854.0
2005,대전,268.0,74.0,905.0,1968.0,1428.0,307.0,182.0,98.0,145.0,1529.0,907.0,1646.0,9457.0,788.0
2005,부산,197.0,1648.0,605.0,453.0,969.0,0.0,2157.0,320.0,694.0,308.0,0.0,764.0,8115.0,676.0
2005,서울,694.0,956.0,3202.0,11074.0,17431.0,1666.0,2026.0,1331.0,1018.0,1446.0,13419.0,1143.0,55406.0,4617.0
2005,세종,0.0,0.0,0.0,0.0,0.0,0.0,0.0,0.0,0.0,0.0,0.0,0.0,0.0,0.0
2005,울산,44.0,143.0,2551.0,1475.0,136.0,5068.0,3366.0,323.0,130.0,141.0,624.0,459.0,14460.0,1205.0
2005,인천,142.0,4200.0,6597.0,4986.0,4382.0,1337.0,37.0,50.0,34.0,633.0,477.0,3487.0,26362.0,2197.0
2005,전남,116.0,73.0,741.0,607.0,3696.0,1899.0,618.0,1419.0,999.0,715.0,770.0,636.0,12289.0,1024.0
2005,전북,111.0,423.0,1070.0,581.0,585.0,177.0,109.0,430.0,935.0,577.0,3597.0,793.0,9388.0,782.0
2005,제주,295.0,254.0,184.0,212.0,243.0,180.0,165.0,129.0,173.0,376.0,171.0,286.0,2668.0,222.0
2005,충남,99.0,203.0,2387.0,1157.0,1940.0,1877.0,1093.0,2748.0,1872.0,2668.0,3513.0,3363.0,22920.0,1910.0
2005,충북,752.0,287.0,897.0,737.0,2803.0,598.0,534.0,1475.0,145.0,2131.0,444.0,1258.0,12061.0,1005.0
2006,강원,502.0,1566.0,1589.0,2200.0,744.0,1497.0,986.0,544.0,2371.0,545.0,1647.0,1183.0,15374.0,1281.0
2006,경기,1817.0,6687.0,2517.0,3193.0,1129.0,9595.0,5413.0,4070.0,2300.0,4803.0,18699.0,21532.0,81755.0,6813.0
2006,경남,802.0,4749.0,898.0,2853.0,3478.0,2252.0,3908.0,398.0,468.0,1277.0,6768.0,556.0,28407.0,2367.0
2006,경북,1627.0,314.0,3839.0,2703.0,3444.0,1425.0,448.0,1944.0,1100.0,576.0,1969.0,2450.0,21839.0,1820.0
2006,광주,41.0,164.0,712.0,103.0,257.0,636.0,106.0,10203.0,2140.0,488.0,212.0,1376.0,16438.0,1370.0
2006,대구,530.0,4065.0,326.0,4647.0,1595.0,3043.0,1211.0,128.0,110.0,3583.0,1772.0,2593.0,23603.0,1967.0
2006,대전,206.0,373.0,92.0,508.0,155.0,46.0,79.0,78.0,1923.0,371.0,48.0,39.0,3918.0,326.0
2006,부산,86.0,120.0,5436.0,89.0,1182.0,1164.0,1047.0,6491.0,2079.0,1513.0,1152.0,1180.0,21539.0,1795.0
2006,서울,789.0,2215.0,1294.0,4149.0,1416.0,2220.0,3785.0,982.0,1428.0,960.0,1184.0,12431.0,32853.0,2738.0
2006,세종,0.0,0.0,0.0,0.0,0.0,0.0,0.0,0.0,0.0,0.0,0.0,0.0,0.0,0.0
2006,울산,72.0,88.0,423.0,825.0,791.0,228.0,1180.0,233.0,154.0,77.0,400.0,3547.0,8018.0,668.0
2006,인천,900.0,572.0,1883.0,32.0,119.0,100.0,72.0,529.0,1322.0,4339.0,83.0,44.0,9995.0,833.0
2006,전남,138.0,600.0,768.0,1605.0,198.0,800.0,744.0,1995.0,293.0,316.0,704.0,2083.0,10244.0,854.0
2006,전북,87.0,438.0,109.0,1091.0,201.0,1969.0,2285.0,296.0,3234.0,1061.0,199.0,120.0,11090.0,924.0
2006,제주,79.0,282.0,341.0,241.0,121.0,142.0,68.0,150.0,95.0,45.0,673.0,125.0,2362.0,197.0
2006,충남,1001.0,462.0,190.0,1861.0,1639.0,1525.0,870.0,3617.0,2019.0,5302.0,1883.0,1793.0,22162.0,1847.0
2006,충북,880.0,1298.0,1907.0,1457.0,2983.0,1192.0,1735.0,225.0,344.0,290.0,1925.0,167.0,14403.0,1200.0
2007,강원,102.0,149.0,342.0,2553.0,2366.0,1956.0,515.0,335.0,258.0,1953.0,276.0,229.0,11034.0,920.0
2007,경기,4063.0,9747.0,7054.0,10878.0,11398.0,14408.0,5569.0,17317.0,11972.0,10341.0,54094.0,24424.0,181265.0,15105.0
2007,경남,274.0,1182.0,2265.0,1942.0,1133.0,7967.0,2038.0,540.0,847.0,648.0,4604.0,962.0,24402.0,2034.0
2007,경북,1593.0,1331.0,625.0,3129.0,2234.0,1684.0,593.0,516.0,5871.0,1442.0,5418.0,310.0,24746.0,2062.0
2007,광주,1058.0,1274.0,542.0,3488.0,1870.0,684.0,1020.0,486.0,1458.0,1864.0,2611.0,1600.0,17955.0,1496.0
2007,대구,1842.0,137.0,2558.0,2003.0,1711.0,912.0,227.0,555.0,1111.0,1028.0,1559.0,3130.0,16773.0,1398.0
2007,대전,30.0,57.0,100.0,102.0,130.0,46.0,42.0,421.0,33.0,70.0,2231.0,150.0,3412.0,284.0
2007,부산,365.0,42.0,1366.0,952.0,133.0,3857.0,358.0,117.0,137.0,115.0,6647.0,1454.0,15543.0,1295.0
2007,서울,1441.0,2254.0,3208.0,5636.0,1541.0,2304.0,5935.0,7002.0,2538.0,2481.0,5823.0,2634.0,42797.0,3566.0
2007,세종,0.0,0.0,0.0,0.0,0.0,0.0,0.0,0.0,0.0,0.0,0.0,0.0,0.0,0.0
2007,울산,140.0,274.0,321.0,305.0,299.0,1289.0,152.0,1257.0,891.0,166.0,7497.0,929.0,13520.0,1127.0
2007,인천,58.0,62.0,183.0,174.0,929.0,2457.0,7558.0,334.0,1940.0,1210.0,9025.0,1648.0,25578.0,2132.0
2007,전남,230.0,459.0,287.0,349.0,823.0,244.0,277.0,257.0,235.0,347.0,1407.0,945.0,5860.0,488.0
2007,전북,93.0,118.0,1066.0,662.0,370.0,754.0,614.0,718.0,824.0,674.0,320.0,3267.0,9480.0,790.0
2007,제주,122.0,107.0,69.0,128.0,133.0,78.0,84.0,97.0,150.0,445.0,124.0,125.0,1662.0,138.0
2007,충남,1178.0,864.0,3645.0,3194.0,1549.0,953.0,1630.0,3314.0,301.0,898.0,8452.0,7191.0,33169.0,2764.0
2007,충북,2281.0,175.0,447.0,855.0,357.0,1201.0,859.0,342.0,1706.0,468.0,8064.0,3829.0,20584.0,1715.0
2008,강원,548.0,156.0,1940.0,479.0,535.0,404.0,384.0,308.0,353.0,357.0,307.0,306.0,6077.0,506.0
2008,경기,1996.0,3946.0,2898.0,3788.0,4597.0,6438.0,3451.0,6328.0,3320.0,4847.0,3269.0,1614.0,46492.0,3874.0
2008,경남,493.0,372.0,606.0,777.0,824.0,980.0,793.0,901.0,412.0,395.0,407.0,780.0,7740.0,645.0
2008,경북,284.0,255.0,890.0,1629.0,1074.0,1195.0,563.0,620.0,424.0,350.0,358.0,297.0,7939.0,662.0
2008,광주,14.0,10.0,58.0,130.0,194.0,584.0,58.0,25.0,67.0,61.0,26.0,50.0,1277.0,106.0
2008,대구,4819.0,96.0,93.0,71.0,64.0,2027.0,82.0,74.0,85.0,28.0,58.0,47.0,7544.0,629.0
2008,대전,1287.0,181.0,251.0,95.0,1032.0,1952.0,1373.0,147.0,113.0,2359.0,45.0,32.0,8867.0,739.0
2008,부산,159.0,52.0,80.0,111.0,1120.0,105.0,91.0,105.0,51.0,138.0,1823.0,80.0,3915.0,326.0
2008,서울,1552.0,1415.0,3230.0,5397.0,5551.0,4070.0,8072.0,5323.0,1740.0,1096.0,6414.0,3888.0,47748.0,3979.0
2008,세종,0.0,0.0,0.0,0.0,0.0,0.0,0.0,0.0,0.0,0.0,0.0,0.0,0.0,0.0
2008,울산,108.0,177.0,169.0,173.0,158.0,146.0,108.0,73.0,259.0,91.0,71.0,45.0,1578.0,132.0
2008,인천,5761.0,1397.0,867.0,1340.0,1448.0,1236.0,1794.0,1231.0,2673.0,1334.0,521.0,1671.0,21273.0,1773.0
2008,전남,145.0,631.0,403.0,476.0,2098.0,695.0,1626.0,237.0,246.0,327.0,262.0,902.0,8048.0,671.0
2008,전북,94.0,197.0,340.0,592.0,253.0,267.0,942.0,262.0,338.0,219.0,207.0,124.0,3835.0,320.0
2008,제주,153.0,67.0,139.0,117.0,157.0,117.0,66.0,59.0,23.0,33.0,45.0,40.0,1016.0,85.0
2008,충남,473.0,278.0,1286.0,930.0,1019.0,1955.0,1221.0,320.0,427.0,370.0,300.0,189.0,8768.0,731.0
2008,충북,151.0,554.0,428.0,531.0,760.0,313.0,1057.0,240.0,254.0,204.0,699.0,140.0,5331.0,444.0
2009,강원,162.0,1460.0,629.0,551.0,940.0,866.0,1453.0,342.0,447.0,364.0,318.0,316.0,7848.0,654.0
2009,경기,1181.0,783.0,2647.0,4277.0,2399.0,6030.0,14520.0,9258.0,8695.0,15506.0,5070.0,17422.0,87788.0,7316.0
2009,경남,196.0,462.0,964.0,1962.0,533.0,1678.0,599.0,1281.0,702.0,804.0,609.0,2273.0,12063.0,1005.0
2009,경북,160.0,287.0,1074.0,973.0,1224.0,752.0,692.0,1091.0,656.0,593.0,662.0,1079.0,9243.0,770.0
2009,광주,26.0,37.0,1898.0,58.0,73.0,54.0,60.0,55.0,90.0,84.0,855.0,54.0,3344.0,279.0
2009,대구,18.0,30.0,61.0,49.0,73.0,79.0,97.0,698.0,130.0,122.0,118.0,71.0,1546.0,129.0
2009,대전,15.0,570.0,1124.0,1075.0,936.0,73.0,673.0,112.0,266.0,1757.0,808.0,56.0,7465.0,622.0
2009,부산,37.0,44.0,5285.0,98.0,142.0,216.0,199.0,1245.0,978.0,326.0,346.0,1335.0,10251.0,854.0
2009,서울,246.0,485.0,2372.0,1506.0,527.0,635.0,883.0,5031.0,1426.0,1875.0,1351.0,2731.0,19068.0,1589.0
2009,세종,0.0,0.0,0.0,0.0,0.0,0.0,0.0,0.0,0.0,0.0,0.0,0.0,0.0,0.0
2009,울산,54.0,97.0,131.0,105.0,236.0,107.0,94.0,133.0,154.0,123.0,199.0,2021.0,3454.0,288.0
2009,인천,130.0,425.0,343.0,5825.0,3164.0,946.0,940.0,1086.0,11077.0,3186.0,3945.0,2158.0,33225.0,2769.0
2009,전남,125.0,735.0,943.0,1073.0,629.0,479.0,429.0,577.0,1927.0,486.0,618.0,357.0,8378.0,698.0
2009,전북,94.0,175.0,247.0,1001.0,314.0,1417.0,319.0,2075.0,341.0,344.0,296.0,1376.0,7999.0,667.0
2009,제주,26.0,1398.0,87.0,80.0,1497.0,91.0,101.0,177.0,128.0,149.0,174.0,85.0,3993.0,333.0
2009,충남,138.0,411.0,1645.0,2534.0,997.0,1140.0,402.0,1265.0,464.0,1302.0,488.0,540.0,11326.0,944.0
2009,충북,78.0,152.0,380.0,379.0,293.0,306.0,326.0,715.0,1032.0,475.0,816.0,608.0,5560.0,463.0
2010,강원,578.0,171.0,431.0,1205.0,646.0,944.0,399.0,366.0,302.0,520.0,468.0,528.0,6558.0,546.0
2010,경기,4439.0,7453.0,5536.0,8777.0,7618.0,13039.0,1947.0,5135.0,3834.0,3359.0,2350.0,-1179.0,62308.0,5192.0
2010,경남,437.0,860.0,637.0,2700.0,1055.0,889.0,3240.0,1197.0,549.0,3805.0,833.0,62.0,16264.0,1355.0
2010,경북,1724.0,354.0,766.0,780.0,948.0,769.0,871.0,867.0,458.0,734.0,1247.0,1835.0,11353.0,946.0
2010,광주,37.0,66.0,376.0,132.0,87.0,85.0,64.0,55.0,79.0,83.0,888.0,-177.0,1775.0,148.0
2010,대구,77.0,65.0,81.0,108.0,235.0,118.0,646.0,95.0,272.0,190.0,168.0,119.0,2174.0,181.0
2010,대전,29.0,74.0,241.0,218.0,192.0,181.0,260.0,552.0,345.0,539.0,292.0,108.0,3031.0,253.0
2010,부산,485.0,255.0,405.0,576.0,510.0,416.0,1255.0,479.0,418.0,1317.0,1140.0,3442.0,10698.0,892.0
2010,서울,948.0,1257.0,1915.0,2053.0,2090.0,1918.0,1638.0,2149.0,1321.0,1678.0,1881.0,13736.0,32584.0,2715.0
2010,세종,0.0,0.0,0.0,0.0,0.0,0.0,0.0,0.0,0.0,0.0,0.0,0.0,0.0,0.0
2010,울산,1481.0,70.0,126.0,198.0,273.0,161.0,115.0,125.0,457.0,508.0,146.0,232.0,3892.0,324.0
2010,인천,2546.0,605.0,1644.0,1118.0,1019.0,987.0,2168.0,1922.0,845.0,2419.0,1518.0,691.0,17482.0,1457.0
2010,전남,1012.0,314.0,890.0,2589.0,457.0,630.0,722.0,336.0,1137.0,551.0,954.0,1843.0,11435.0,953.0
2010,전북,137.0,186.0,377.0,1386.0,554.0,371.0,311.0,268.0,772.0,487.0,399.0,686.0,5934.0,494.0
2010,제주,131.0,120.0,240.0,215.0,380.0,310.0,222.0,173.0,197.0,841.0,565.0,243.0,3637.0,303.0
2010,충남,691.0,363.0,540.0,964.0,629.0,669.0,426.0,404.0,442.0,491.0,942.0,1215.0,7776.0,648.0
2010,충북,177.0,637.0,472.0,1309.0,460.0,1196.0,269.0,381.0,349.0,408.0,519.0,2000.0,8177.0,681.0
2011,강원,788.0,614.0,642.0,665.0,1915.0,537.0,893.0,437.0,848.0,1595.0,2185.0,3369.0,14488.0,1207.0
2011,경기,1488.0,4244.0,6815.0,11685.0,7248.0,4143.0,4242.0,6417.0,5728.0,16367.0,13302.0,16384.0,98063.0,8172.0
2011,경남,727.0,1152.0,1174.0,4546.0,3850.0,1334.0,3356.0,2039.0,4587.0,4644.0,5120.0,2049.0,34578.0,2882.0
2011,경북,352.0,404.0,950.0,1971.0,1063.0,718.0,1082.0,1153.0,2007.0,1488.0,1084.0,3328.0,15600.0,1300.0
2011,광주,26.0,47.0,125.0,726.0,190.0,911.0,1202.0,4118.0,450.0,176.0,310.0,1125.0,9406.0,784.0
2011,대구,98.0,137.0,183.0,1387.0,964.0,415.0,460.0,269.0,350.0,2203.0,298.0,697.0,7461.0,622.0
2011,대전,537.0,188.0,860.0,275.0,2332.0,233.0,218.0,589.0,2747.0,5212.0,732.0,2502.0,16425.0,1369.0
2011,부산,2065.0,1677.0,2218.0,5175.0,2378.0,4796.0,1926.0,1625.0,2343.0,1957.0,5563.0,8738.0,40461.0,3372.0
2011,서울,1091.0,2102.0,8842.0,6342.0,4636.0,8728.0,5625.0,4356.0,5457.0,9522.0,5091.0,15865.0,77657.0,6471.0
2011,세종,0.0,0.0,0.0,0.0,0.0,0.0,0.0,0.0,0.0,0.0,0.0,0.0,0.0,0.0
2011,울산,372.0,153.0,1699.0,1754.0,868.0,423.0,375.0,643.0,386.0,2781.0,449.0,262.0,10165.0,847.0
2011,인천,917.0,1226.0,1478.0,2960.0,1230.0,2132.0,957.0,1312.0,1623.0,899.0,1930.0,4131.0,20795.0,1733.0
2011,전남,256.0,626.0,680.0,835.0,976.0,1430.0,3275.0,1769.0,973.0,1609.0,2517.0,2371.0,17317.0,1443.0
2011,전북,130.0,248.0,627.0,2732.0,966.0,615.0,810.0,589.0,597.0,2225.0,1683.0,3581.0,14803.0,1234.0
2011,제주,300.0,447.0,539.0,1267.0,603.0,527.0,1345.0,361.0,450.0,864.0,1211.0,1117.0,9031.0,753.0
2011,충남,741.0,329.0,1781.0,2069.0,1107.0,1561.0,791.0,982.0,2602.0,4481.0,7997.0,-570.0,23871.0,1989.0
2011,충북,148.0,338.0,954.0,943.0,2353.0,759.0,766.0,733.0,815.0,2059.0,1833.0,2447.0,14148.0,1179.0
2012,강원,203.0,343.0,707.0,727.0,1332.0,584.0,1027.0,2595.0,1164.0,1269.0,559.0,555.0,11065.0,922.0
2012,경기,3384.0,4374.0,9225.0,6333.0,6601.0,21436.0,7103.0,9315.0,15862.0,13389.0,5634.0,18639.0,121295.0,10108.0
2012,경남,2448.0,3805.0,2310.0,1465.0,7716.0,3864.0,2932.0,1766.0,2641.0,4468.0,1574.0,1263.0,36252.0,3021.0
2012,경북,658.0,816.0,3931.0,1329.0,2182.0,1786.0,904.0,2119.0,2529.0,1799.0,2970.0,2254.0,23277.0,1940.0
2012,광주,1996.0,2625.0,1233.0,694.0,1470.0,1681.0,944.0,4569.0,1115.0,2252.0,1396.0,1289.0,21264.0,1772.0
2012,대구,136.0,331.0,664.0,523.0,1497.0,1685.0,180.0,783.0,327.0,1226.0,467.0,5921.0,13740.0,1145.0
2012,대전,433.0,598.0,796.0,346.0,332.0,300.0,444.0,138.0,894.0,522.0,292.0,2603.0,7698.0,642.0
2012,부산,1508.0,2181.0,2240.0,2495.0,2832.0,2531.0,1544.0,3752.0,2698.0,3383.0,5096.0,3896.0,34156.0,2846.0
2012,서울,5486.0,4713.0,8786.0,7302.0,8727.0,4294.0,6108.0,8910.0,8331.0,3361.0,2637.0,4619.0,73274.0,6106.0
2012,세종,0.0,0.0,0.0,0.0,0.0,0.0,84.0,567.0,954.0,1266.0,3522.0,2670.0,9063.0,755.0
2012,울산,222.0,453.0,1309.0,1204.0,1258.0,2588.0,783.0,541.0,3088.0,798.0,354.0,595.0,13193.0,1099.0
2012,인천,1940.0,738.0,1888.0,764.0,708.0,785.0,1251.0,777.0,375.0,2996.0,446.0,1796.0,14464.0,1205.0
2012,전남,871.0,728.0,1388.0,1071.0,3462.0,2131.0,2148.0,788.0,1926.0,727.0,1828.0,5256.0,22324.0,1860.0
2012,전북,308.0,1484.0,1697.0,1534.0,1255.0,3322.0,754.0,1981.0,745.0,1117.0,2740.0,2539.0,19476.0,1623.0
2012,제주,528.0,1123.0,1314.0,1172.0,986.0,804.0,598.0,940.0,1323.0,454.0,511.0,316.0,10069.0,839.0
2012,충남,397.0,4859.0,3148.0,3017.0,4026.0,4641.0,1161.0,2336.0,2076.0,1161.0,866.0,4584.0,32272.0,2689.0
2012,충북,247.0,528.0,2944.0,1534.0,1859.0,1044.0,1871.0,3015.0,1419.0,564.0,1880.0,1208.0,18113.0,1509.0
2013,강원,236.0,956.0,881.0,845.0,1053.0,582.0,629.0,493.0,504.0,962.0,2522.0,1769.0,11432.0,953.0
2013,경기,4381.0,11417.0,6194.0,10142.0,5971.0,7853.0,11789.0,9485.0,11070.0,7485.0,8610.0,20036.0,114433.0,9536.0
2013,경남,722.0,639.0,4139.0,3602.0,2649.0,1719.0,2420.0,1104.0,2742.0,1880.0,1766.0,5222.0,28604.0,2384.0
2013,경북,1828.0,1504.0,2392.0,2942.0,3421.0,2793.0,2268.0,1391.0,1040.0,2436.0,3899.0,-215.0,25699.0,2142.0
2013,광주,759.0,1185.0,86.0,2154.0,584.0,365.0,419.0,270.0,220.0,447.0,1013.0,779.0,8281.0,690.0
2013,대구,177.0,1049.0,4093.0,2062.0,1445.0,238.0,836.0,889.0,2765.0,2469.0,4588.0,3745.0,24356.0,2030.0
2013,대전,118.0,187.0,831.0,201.0,254.0,282.0,117.0,169.0,630.0,1186.0,1646.0,2100.0,7721.0,643.0
2013,부산,1092.0,1410.0,1658.0,1247.0,1267.0,2155.0,2519.0,2406.0,1152.0,1525.0,3403.0,3301.0,23135.0,1928.0
2013,서울,1900.0,3944.0,5181.0,3709.0,4283.0,4771.0,4734.0,8373.0,2717.0,5161.0,10792.0,10297.0,65862.0,5488.0
2013,세종,1374.0,1869.0,1634.0,1082.0,1122.0,2668.0,393.0,862.0,50.0,989.0,2695.0,2232.0,16970.0,1414.0
2013,울산,426.0,105.0,2172.0,182.0,1070.0,253.0,283.0,774.0,160.0,682.0,1963.0,425.0,8495.0,708.0
2013,인천,388.0,357.0,628.0,526.0,852.0,4649.0,695.0,770.0,768.0,531.0,571.0,1585.0,12320.0,1027.0
2013,전남,579.0,401.0,868.0,1476.0,1694.0,843.0,665.0,2264.0,847.0,1550.0,645.0,3785.0,15617.0,1301.0
2013,전북,454.0,2430.0,707.0,1848.0,1474.0,1002.0,1184.0,448.0,1088.0,626.0,1434.0,791.0,13486.0,1124.0
2013,제주,396.0,263.0,384.0,463.0,464.0,492.0,362.0,1275.0,224.0,1034.0,413.0,1261.0,7031.0,586.0
2013,충남,1873.0,2052.0,1026.0,2186.0,1263.0,1494.0,2513.0,3857.0,2449.0,7001.0,647.0,2257.0,28618.0,2385.0
2013,충북,223.0,853.0,2002.0,984.0,811.0,2074.0,583.0,616.0,1621.0,3069.0,1922.0,2163.0,16921.0,1410.0
2014,강원,124.0,852.0,1290.0,1017.0,1790.0,2305.0,1185.0,858.0,1860.0,488.0,1772.0,367.0,13908.0,1159.0
2014,경기,4036.0,8769.0,5225.0,18311.0,10178.0,7307.0,8361.0,8368.0,9419.0,18241.0,16142.0,21350.0,135707.0,11309.0
2014,경남,2447.0,1578.0,3577.0,3407.0,6230.0,1203.0,3722.0,5909.0,3984.0,8968.0,4101.0,6842.0,51968.0,4331.0
2014,경북,1748.0,1885.0,3055.0,2634.0,1231.0,4635.0,6126.0,1079.0,4324.0,4350.0,3233.0,4510.0,38810.0,3234.0
2014,광주,30.0,912.0,2099.0,662.0,1550.0,828.0,1386.0,1029.0,1922.0,1665.0,1490.0,1143.0,14716.0,1226.0
2014,대구,1234.0,5164.0,3434.0,1054.0,1087.0,6514.0,560.0,1791.0,3414.0,356.0,3206.0,4404.0,32218.0,2685.0
2014,대전,266.0,75.0,304.0,340.0,1372.0,1595.0,89.0,201.0,1273.0,355.0,239.0,1090.0,7199.0,600.0
2014,부산,2433.0,3728.0,2922.0,1544.0,1036.0,2254.0,1243.0,1442.0,2072.0,4603.0,5982.0,3120.0,32379.0,2698.0
2014,서울,2615.0,4020.0,4952.0,5736.0,4907.0,7223.0,3735.0,8135.0,4975.0,7694.0,7419.0,5531.0,66942.0,5578.0
2014,세종,415.0,233.0,174.0,989.0,316.0,4241.0,128.0,716.0,1733.0,3302.0,4146.0,768.0,17161.0,1430.0
2014,울산,107.0,431.0,257.0,329.0,234.0,270.0,362.0,166.0,546.0,3357.0,1528.0,1140.0,8727.0,727.0
2014,인천,620.0,1124.0,1455.0,2870.0,710.0,832.0,776.0,708.0,945.0,859.0,923.0,809.0,12631.0,1053.0
2014,전남,1151.0,629.0,3411.0,4156.0,963.0,2804.0,728.0,466.0,1559.0,1146.0,772.0,1780.0,19565.0,1630.0
2014,전북,1483.0,742.0,564.0,2923.0,1367.0,574.0,1750.0,659.0,903.0,507.0,930.0,649.0,13051.0,1088.0
2014,제주,665.0,411.0,578.0,554.0,386.0,1049.0,1844.0,602.0,1203.0,844.0,1375.0,658.0,10169.0,847.0
2014,충남,470.0,868.0,2348.0,2288.0,3289.0,4640.0,2007.0,665.0,5236.0,2653.0,4878.0,1139.0,30481.0,2540.0
2014,충북,890.0,1708.0,1204.0,3218.0,1363.0,954.0,1130.0,1681.0,1178.0,3019.0,392.0,1521.0,18258.0,1522.0
2015,강원,420.0,692.0,734.0,828.0,1332.0,2991.0,4217.0,463.0,479.0,4372.0,1453.0,2812.0,20793.0,1733.0
2015,경기,6539.0,11591.0,20375.0,29261.0,22443.0,21052.0,20529.0,27060.0,15339.0,36185.0,34929.0,25759.0,271062.0,22588.0
2015,경남,1704.0,1455.0,7202.0,3671.0,3560.0,3783.0,4351.0,4194.0,7795.0,3337.0,1534.0,5474.0,48060.0,4005.0
2015,경북,2762.0,1405.0,3929.0,2668.0,5280.0,3748.0,2758.0,4224.0,3019.0,4373.0,5427.0,6011.0,45604.0,3800.0
2015,광주,305.0,156.0,1122.0,945.0,697.0,559.0,1430.0,1713.0,241.0,826.0,750.0,1709.0,10453.0,871.0
2015,대구,1896.0,932.0,456.0,1478.0,2144.0,2959.0,2221.0,2254.0,507.0,863.0,3345.0,1482.0,20537.0,1711.0
2015,대전,539.0,246.0,1226.0,197.0,1941.0,945.0,225.0,287.0,261.0,2967.0,347.0,330.0,9511.0,793.0
2015,부산,1198.0,944.0,3980.0,2378.0,1758.0,6820.0,4035.0,2505.0,1945.0,2021.0,2476.0,1770.0,31830.0,2652.0
2015,서울,3881.0,3159.0,7135.0,6104.0,6472.0,7281.0,8563.0,8504.0,11071.0,18817.0,7295.0,10153.0,98435.0,8203.0
2015,세종,1174.0,225.0,88.0,1724.0,37.0,1854.0,2552.0,2580.0,1796.0,1040.0,326.0,2462.0,15858.0,1322.0
2015,울산,155.0,1507.0,835.0,1036.0,745.0,878.0,1100.0,292.0,287.0,1437.0,5807.0,246.0,14325.0,1194.0
2015,인천,1926.0,775.0,3915.0,1031.0,2069.0,3111.0,983.0,7142.0,3005.0,7079.0,1165.0,4942.0,37143.0,3095.0
2015,전남,1329.0,821.0,535.0,1084.0,892.0,979.0,698.0,1445.0,3392.0,2864.0,947.0,1411.0,16397.0,1366.0
2015,전북,610.0,270.0,1795.0,2200.0,1138.0,657.0,931.0,937.0,2327.0,5530.0,1330.0,1479.0,19204.0,1600.0
2015,제주,1896.0,517.0,958.0,1221.0,984.0,1696.0,1380.0,1213.0,945.0,1220.0,1169.0,2250.0,15449.0,1287.0
2015,충남,1894.0,1570.0,3843.0,4842.0,3188.0,4435.0,1291.0,4839.0,3089.0,3872.0,6716.0,3781.0,43360.0,3613.0
2015,충북,2274.0,655.0,929.0,2288.0,1455.0,4386.0,1858.0,1380.0,1856.0,7553.0,2536.0,4979.0,32149.0,2679.0
2016,강원,1351.0,898.0,1587.0,742.0,3093.0,3351.0,610.0,1944.0,1723.0,4680.0,1461.0,6055.0,27495.0,2291.0
2016,경기,6451.0,11197.0,19786.0,22336.0,21677.0,22919.0,25987.0,15998.0,23839.0,20349.0,21239.0,37814.0,249592.0,20799.0
2016,경남,898.0,7427.0,1940.0,8436.0,5176.0,4203.0,5096.0,2419.0,3932.0,5719.0,7424.0,3886.0,56556.0,4713.0
2016,경북,1576.0,1923.0,2403.0,2826.0,3557.0,1790.0,1936.0,3142.0,4642.0,2104.0,4171.0,4176.0,34246.0,2854.0
2016,광주,2245.0,663.0,139.0,3265.0,1857.0,447.0,211.0,2789.0,583.0,70.0,3436.0,1828.0,17533.0,1461.0
2016,대구,2096.0,1303.0,3016.0,503.0,1457.0,2325.0,3041.0,426.0,128.0,231.0,1509.0,1949.0,17984.0,1499.0
2016,대전,263.0,162.0,2677.0,374.0,191.0,137.0,461.0,299.0,407.0,1436.0,1175.0,928.0,8510.0,709.0
2016,부산,1804.0,1898.0,4969.0,3630.0,3045.0,3244.0,1085.0,3739.0,702.0,2261.0,4606.0,4552.0,35535.0,2961.0
2016,서울,6431.0,4940.0,7395.0,5681.0,7379.0,8175.0,5090.0,9249.0,9640.0,8458.0,7674.0,16941.0,97053.0,8088.0
2016,세종,61.0,37.0,885.0,4012.0,43.0,1127.0,631.0,234.0,2259.0,92.0,2650.0,4607.0,16638.0,1386.0
2016,울산,778.0,208.0,277.0,3294.0,316.0,1030.0,364.0,415.0,940.0,4173.0,1716.0,1750.0,15261.0,1272.0
2016,인천,978.0,624.0,1346.0,1112.0,968.0,661.0,903.0,1767.0,2675.0,1675.0,2778.0,1445.0,16932.0,1411.0
2016,전남,853.0,650.0,2393.0,1574.0,1112.0,2571.0,860.0,1088.0,547.0,1808.0,3101.0,1002.0,17559.0,1463.0
2016,전북,607.0,1078.0,1417.0,861.0,2570.0,485.0,2139.0,2162.0,1569.0,417.0,1730.0,2449.0,17484.0,1457.0
2016,제주,1626.0,1308.0,2137.0,2726.0,1314.0,1801.0,1368.0,1917.0,1382.0,1104.0,1708.0,1893.0,20284.0,1690.0
2016,충남,3827.0,563.0,1403.0,2698.0,1962.0,3942.0,1257.0,1479.0,1141.0,1368.0,1278.0,3506.0,24424.0,2035.0
2016,충북,375.0,395.0,1745.0,4352.0,1965.0,918.0,3782.0,1435.0,939.0,1187.0,2715.0,1752.0,21560.0,1797.0
2017,강원,815.0,887.0,631.0,644.0,1076.0,2844.0,1951.0,2417.0,1551.0,819.0,3652.0,5229.0,22516.0,1876.0
2017,경기,8042.0,14399.0,16414.0,6925.0,15046.0,15523.0,11983.0,18888.0,16540.0,13457.0,14113.0,39938.0,191268.0,15939.0
2017,경남,587.0,3668.0,2852.0,2957.0,1878.0,3987.0,2370.0,2959.0,2752.0,1659.0,3827.0,4670.0,34166.0,2847.0
2017,경북,1476.0,1792.0,1308.0,836.0,3640.0,3353.0,872.0,1039.0,653.0,548.0,1151.0,2110.0,18778.0,1565.0
2017,광주,913.0,2433.0,3607.0,1138.0,2112.0,97.0,1565.0,2353.0,3472.0,1516.0,931.0,1335.0,21472.0,1789.0
2017,대구,609.0,177.0,1006.0,1909.0,649.0,693.0,845.0,1270.0,882.0,1111.0,679.0,3963.0,13793.0,1149.0
2017,대전,353.0,2399.0,250.0,189.0,637.0,139.0,775.0,963.0,196.0,489.0,69.0,4209.0,10668.0,889.0
2017,부산,2578.0,1556.0,1517.0,1963.0,1330.0,2045.0,3161.0,5803.0,6774.0,5338.0,4768.0,1849.0,38682.0,3224.0
2017,서울,5891.0,3776.0,6326.0,15942.0,2357.0,5417.0,11328.0,7815.0,8805.0,4249.0,6102.0,13061.0,91069.0,7589.0
2017,세종,18.0,25.0,29.0,772.0,30.0,164.0,366.0,328.0,53.0,22.0,75.0,4344.0,6226.0,519.0
2017,울산,175.0,1664.0,178.0,174.0,429.0,543.0,89.0,997.0,183.0,286.0,143.0,1285.0,6146.0,512.0
2017,인천,741.0,874.0,465.0,1036.0,1961.0,831.0,535.0,2827.0,452.0,879.0,416.0,3107.0,14124.0,1177.0
2017,전남,1071.0,678.0,1855.0,791.0,745.0,634.0,914.0,638.0,907.0,568.0,4161.0,5623.0,18585.0,1549.0
2017,전북,1469.0,387.0,2916.0,1266.0,1121.0,1720.0,1349.0,2308.0,1049.0,1992.0,2639.0,2721.0,20937.0,1745.0
2017,제주,1271.0,1002.0,1408.0,1016.0,1045.0,1320.0,1283.0,825.0,978.0,575.0,694.0,874.0,12291.0,1024.0
2017,충남,1442.0,2169.0,1133.0,934.0,1442.0,3272.0,985.0,2102.0,933.0,1177.0,2472.0,3454.0,21515.0,1793.0
2017,충북,874.0,4507.0,1353.0,3582.0,2204.0,2162.0,404.0,382.0,2027.0,700.0,1054.0,6381.0,25630.0,2136.0
2018,강원,1676.0,707.0,1838.0,725.0,1496.0,1244.0,1469.0,2134.0,1637.0,536.0,1028.0,3462.0,17952.0,1496.0
2018,경기,7860.0,9377.0,22047.0,12428.0,12202.0,12580.0,6424.0,7977.0,6410.0,6866.0,20670.0,26930.0,151771.0,12648.0
2018,경남,399.0,543.0,2321.0,2487.0,851.0,1360.0,1352.0,747.0,363.0,521.0,641.0,6472.0,18057.0,1505.0
2018,경북,2210.0,577.0,646.0,645.0,4184.0,709.0,1379.0,2609.0,2159.0,1241.0,991.0,1582.0,18932.0,1578.0
2018,광주,33.0,43.0,964.0,116.0,484.0,646.0,762.0,209.0,87.0,2393.0,480.0,2373.0,8590.0,716.0
2018,대구,696.0,682.0,2341.0,2137.0,2419.0,2396.0,2771.0,229.0,3989.0,2576.0,1663.0,3876.0,25775.0,2148.0
2018,대전,910.0,251.0,217.0,399.0,375.0,366.0,273.0,2029.0,429.0,1830.0,296.0,406.0,7781.0,648.0
2018,부산,1010.0,612.0,2296.0,2498.0,3590.0,3869.0,5223.0,2822.0,9469.0,2090.0,426.0,3705.0,37610.0,3134.0
2018,서울,4498.0,6498.0,6885.0,7734.0,9166.0,6772.0,8764.0,4577.0,4431.0,4613.0,6401.0,6141.0,76480.0,6373.0
2018,세종,533.0,34.0,3990.0,210.0,27.0,72.0,39.0,27.0,23.0,70.0,24.0,3212.0,8261.0,688.0
2018,울산,142.0,139.0,78.0,133.0,163.0,517.0,68.0,103.0,1002.0,97.0,46.0,329.0,2817.0,235.0
2018,인천,2531.0,540.0,1354.0,1165.0,1694.0,695.0,1482.0,1679.0,4498.0,5428.0,7544.0,6051.0,34661.0,2888.0
2018,전남,976.0,344.0,506.0,2260.0,2609.0,1110.0,1454.0,1379.0,397.0,991.0,1704.0,2271.0,16001.0,1333.0
2018,전북,787.0,1039.0,1199.0,1996.0,825.0,361.0,960.0,1556.0,332.0,1006.0,307.0,2563.0,12931.0,1078.0
2018,제주,529.0,660.0,1633.0,481.0,534.0,563.0,551.0,606.0,407.0,569.0,658.0,1005.0,8196.0,683.0
2018,충남,2117.0,1172.0,1504.0,974.0,2893.0,2465.0,542.0,529.0,375.0,1084.0,1324.0,3578.0,18557.0,1546.0
2018,충북,171.0,209.0,3601.0,2485.0,2818.0,3330.0,2949.0,343.0,293.0,337.0,682.0,1814.0,19032.0,1586.0
2019,강원,2033.0,1270.0,1919.0,757.0,697.0,1290.0,533.0,340.0,648.0,1080.0,1184.0,612.0,12363.0,1030.0
2019,경기,13572.0,7686.0,12779.0,14496.0,10542.0,23416.0,8737.0,18302.0,5163.0,9124.0,8319.0,45006.0,177142.0,14762.0
2019,경남,998.0,590.0,466.0,2347.0,461.0,388.0,587.0,1070.0,938.0,1435.0,453.0,2747.0,12480.0,1040.0
2019,경북,981.0,401.0,897.0,734.0,599.0,458.0,1021.0,306.0,311.0,587.0,325.0,3763.0,10383.0,865.0
2019,광주,311.0,41.0,178.0,909.0,1545.0,2285.0,2246.0,2277.0,137.0,672.0,2968.0,2370.0,15939.0,1328.0
2019,대구,3158.0,107.0,707.0,1393.0,7299.0,3364.0,2056.0,1189.0,888.0,3595.0,3525.0,3784.0,31065.0,2589.0
2019,대전,105.0,35.0,2706.0,110.0,377.0,2486.0,89.0,918.0,48.0,3004.0,50.0,1267.0,11195.0,933.0
2019,부산,1243.0,430.0,870.0,1121.0,4696.0,3112.0,1526.0,3792.0,6495.0,3810.0,2950.0,1028.0,31073.0,2589.0
2019,서울,3144.0,7562.0,5324.0,4327.0,4097.0,7359.0,5970.0,4861.0,3033.0,3952.0,3649.0,23169.0,76447.0,6371.0
2019,세종,43.0,11.0,3505.0,498.0,25.0,35.0,53.0,75.0,19.0,39.0,28.0,1646.0,5977.0,498.0
2019,울산,53.0,329.0,1179.0,1579.0,65.0,103.0,84.0,977.0,63.0,214.0,976.0,522.0,6144.0,512.0
2019,인천,1956.0,3575.0,2640.0,538.0,7184.0,1536.0,467.0,1719.0,3306.0,6880.0,9136.0,8253.0,47190.0,3932.0
2019,전남,254.0,416.0,996.0,3398.0,2232.0,1596.0,2383.0,1981.0,1345.0,2291.0,512.0,711.0,18115.0,1510.0
2019,전북,152.0,144.0,502.0,3440.0,783.0,451.0,266.0,1662.0,207.0,2354.0,2583.0,3120.0,15664.0,1305.0
2019,제주,649.0,336.0,503.0,344.0,680.0,406.0,432.0,246.0,176.0,348.0,166.0,534.0,4820.0,402.0
2019,충남,579.0,2538.0,1222.0,502.0,2511.0,558.0,369.0,1994.0,1433.0,1243.0,1810.0,8798.0,23557.0,1963.0
2019,충북,259.0,1502.0,1469.0,521.0,978.0,1584.0,435.0,490.0,1838.0,1379.0,375.0,970.0,11800.0,983.0
2020,강원,186.0,843.0,1160.0,1365.0,343.0,486.0,2163.0,952.0,747.0,1079.0,1269.0,2256.0,12849.0,1071.0
2020,경기,5850.0,4924.0,15294.0,11986.0,14841.0,13795.0,12827.0,8794.0,15560.0,13880.0,11955.0,46498.0,176204.0,14684.0
2020,경남,1016.0,2711.0,407.0,3237.0,1154.0,5464.0,1113.0,452.0,452.0,1459.0,510.0,4698.0,22673.0,1889.0
2020,경북,199.0,390.0,662.0,2367.0,562.0,1547.0,426.0,2781.0,532.0,2812.0,4167.0,4309.0,20754.0,1730.0
2020,광주,132.0,395.0,697.0,334.0,1390.0,563.0,2024.0,107.0,2741.0,498.0,458.0,1778.0,11117.0,926.0
2020,대구,442.0,1552.0,1851.0,2977.0,2617.0,3761.0,12338.0,1226.0,388.0,3022.0,899.0,4797.0,35870.0,2989.0
2020,대전,137.0,90.0,537.0,2906.0,129.0,410.0,468.0,114.0,1932.0,1266.0,114.0,2157.0,10260.0,855.0
2020,부산,1844.0,1379.0,511.0,2352.0,3289.0,1248.0,4264.0,2901.0,5942.0,1086.0,4062.0,2016.0,30894.0,2574.0
2020,서울,1892.0,4728.0,4285.0,10794.0,5306.0,10859.0,9953.0,2772.0,2469.0,2948.0,3111.0,7650.0,66767.0,5564.0
2020,세종,16.0,27.0,46.0,30.0,558.0,70.0,26.0,14.0,506.0,85.0,155.0,2630.0,4163.0,347.0
2020,울산,19.0,674.0,87.0,66.0,2722.0,73.0,284.0,2694.0,422.0,87.0,816.0,3178.0,11122.0,927.0
2020,인천,1939.0,1093.0,5665.0,1530.0,6124.0,6612.0,7402.0,2126.0,446.0,1238.0,540.0,12228.0,46943.0,3912.0
2020,전남,2632.0,517.0,2196.0,966.0,1158.0,957.0,2016.0,1228.0,2291.0,1997.0,2161.0,2700.0,20819.0,1735.0
2020,전북,96.0,951.0,1412.0,302.0,586.0,693.0,250.0,749.0,1857.0,1429.0,1015.0,3577.0,12917.0,1076.0
2020,제주,293.0,547.0,372.0,196.0,341.0,296.0,218.0,180.0,421.0,430.0,259.0,353.0,3906.0,326.0
2020,충남,979.0,1587.0,1300.0,3022.0,2293.0,2305.0,1850.0,4414.0,4201.0,1530.0,4810.0,4611.0,32902.0,2742.0
2020,충북,109.0,190.0,1729.0,871.0,1799.0,366.0,3044.0,1309.0,3286.0,261.0,227.0,3963.0,17154.0,1430.0
2021,강원,198.0,1312.0,1927.0,1167.0,722.0,1114.0,1749.0,484.0,3599.0,1771.0,1671.0,1587.0,17301.0,1442.0
2021,경기,11568.0,15012.0,13745.0,10088.0,11233.0,14597.0,8666.0,12731.0,17826.0,8511.0,11518.0,32670.0,168165.0,14014.0
2021,경남,234.0,7248.0,4998.0,1456.0,1086.0,403.0,3682.0,2752.0,1976.0,3682.0,3872.0,2414.0,33803.0,2817.0
2021,경북,828.0,290.0,594.0,3434.0,2593.0,2913.0,1815.0,1297.0,2459.0,5664.0,3976.0,5575.0,31438.0,2620.0
2021,광주,229.0,263.0,1208.0,515.0,680.0,337.0,456.0,989.0,114.0,518.0,547.0,1999.0,7855.0,655.0
2021,대구,1831.0,2035.0,3380.0,1042.0,1562.0,5521.0,3867.0,3946.0,2596.0,1932.0,867.0,1816.0,30395.0,2533.0
2021,대전,193.0,589.0,907.0,1086.0,1720.0,929.0,2325.0,1109.0,233.0,593.0,1682.0,6365.0,17731.0,1478.0
2021,부산,546.0,145.0,766.0,4771.0,2534.0,1830.0,1066.0,1693.0,2669.0,1762.0,1289.0,613.0,19684.0,1640.0
2021,서울,2071.0,4588.0,3079.0,2849.0,3749.0,6887.0,4008.0,5741.0,5077.0,10180.0,3323.0,8115.0,59667.0,4972.0
2021,세종,1361.0,21.0,1697.0,56.0,58.0,45.0,1389.0,377.0,60.0,29.0,52.0,678.0,5823.0,485.0
2021,울산,153.0,79.0,1869.0,1174.0,136.0,269.0,743.0,84.0,54.0,163.0,555.0,439.0,5718.0,476.0
2021,인천,1772.0,2481.0,5486.0,2967.0,1894.0,2583.0,878.0,1493.0,1519.0,5860.0,2400.0,8477.0,37810.0,3151.0
2021,전남,608.0,844.0,2144.0,933.0,574.0,600.0,2464.0,2300.0,2928.0,1494.0,1834.0,5490.0,22213.0,1851.0
2021,전북,263.0,252.0,572.0,2196.0,602.0,1076.0,795.0,401.0,274.0,1010.0,3901.0,3463.0,14805.0,1234.0
2021,제주,305.0,263.0,586.0,465.0,397.0,230.0,374.0,496.0,247.0,384.0,674.0,1472.0,5893.0,491.0
2021,충남,775.0,2052.0,5630.0,4682.0,1281.0,3521.0,3886.0,1536.0,2226.0,2182.0,3604.0,3699.0,35074.0,2923.0
2021,충북,1799.0,535.0,1727.0,1691.0,2004.0,2457.0,436.0,2944.0,3263.0,352.0,295.0,6517.0,24020.0,2002.0
2022,강원,139.0,314.0,1952.0,1682.0,1074.0,1703.0,1385.0,3031.0,660.0,1140.0,1567.0,607.0,15254.0,1271.0
2022,경기,5426.0,9643.0,9731.0,7540.0,7619.0,6889.0,8337.0,8748.0,15846.0,5906.0,5006.0,6346.0,97037.0,8086.0
2022,경남,1289.0,1175.0,1922.0,3597.0,1170.0,1633.0,3553.0,1915.0,2271.0,1410.0,728.0,419.0,21082.0,1757.0
2022,경북,526.0,348.0,1161.0,499.0,4490.0,3000.0,5221.0,717.0,2342.0,531.0,2226.0,505.0,21566.0,1797.0
2022,광주,1058.0,320.0,98.0,400.0,1504.0,620.0,423.0,77.0,101.0,678.0,3272.0,80.0,8631.0,719.0
2022,대구,1761.0,669.0,693.0,2330.0,1798.0,996.0,2809.0,47.0,1562.0,2097.0,573.0,677.0,16012.0,1334.0
2022,대전,331.0,147.0,4617.0,515.0,146.0,948.0,2430.0,273.0,1851.0,1858.0,512.0,170.0,13798.0,1150.0
2022,부산,642.0,295.0,1446.0,1289.0,2099.0,2052.0,5695.0,203.0,2290.0,787.0,212.0,2665.0,19675.0,1640.0
2022,서울,6727.0,3111.0,7570.0,5302.0,3867.0,8696.0,7579.0,4321.0,4843.0,3973.0,3624.0,3075.0,62688.0,5224.0
2022,세종,12.0,23.0,1090.0,68.0,45.0,23.0,214.0,16.0,18.0,62.0,56.0,246.0,1873.0,156.0
2022,울산,881.0,49.0,548.0,138.0,577.0,1901.0,867.0,359.0,514.0,706.0,2498.0,868.0,9906.0,826.0
2022,인천,1625.0,2194.0,3441.0,3467.0,2603.0,2442.0,493.0,1659.0,574.0,900.0,649.0,2912.0,22959.0,1913.0
2022,전남,970.0,896.0,1057.0,2112.0,1040.0,2488.0,681.0,1987.0,447.0,505.0,597.0,897.0,13677.0,1140.0
2022,전북,111.0,138.0,1514.0,1576.0,452.0,602.0,1074.0,1051.0,1982.0,1280.0,743.0,1300.0,11823.0,985.0
2022,제주,452.0,697.0,676.0,587.0,484.0,842.0,486.0,1035.0,334.0,352.0,403.0,1072.0,7420.0,618.0
2022,충남,431.0,2476.0,762.0,1353.0,1223.0,2171.0,2668.0,3016.0,4100.0,3671.0,1905.0,1188.0,24964.0,2080.0
2022,충북,182.0,206.0,2356.0,2138.0,1691.0,1916.0,593.0,2504.0,852.0,1366.0,1575.0,2295.0,17674.0,1473.0
2023,강원,724.0,173.0,499.0,267.0,1174.0,2392.0,1196.0,295.0,1583.0,875.0,831.0,813.0,10822.0,902.0
2023,경기,9567.0,6280.0,7699.0,3197.0,1940.0,5442.0,7927.0,3199.0,3504.0,5948.0,7970.0,14250.0,76923.0,6410.0
2023,경남,122.0,1306.0,523.0,269.0,281.0,236.0,603.0,202.0,434.0,207.0,2084.0,3432.0,9699.0,808.0
2023,경북,175.0,720.0,386.0,287.0,266.0,292.0,320.0,2952.0,1812.0,268.0,1961.0,311.0,9750.0,812.0
2023,광주,42.0,927.0,360.0,414.0,871.0,162.0,9.0,746.0,2164.0,491.0,17.0,6887.0,13090.0,1091.0
2023,대구,41.0,228.0,20.0,56.0,40.0,614.0,12.0,17.0,15.0,14.0,20.0,7.0,1084.0,90.0
2023,대전,89.0,47.0,41.0,81.0,797.0,20.0,50.0,61.0,34.0,949.0,855.0,2544.0,5568.0,464.0
2023,부산,4994.0,85.0,1752.0,1138.0,160.0,409.0,895.0,84.0,1090.0,3649.0,1113.0,4293.0,19662.0,1638.0
2023,서울,2979.0,1529.0,3731.0,1467.0,2753.0,993.0,1645.0,1631.0,5065.0,4350.0,6288.0,874.0,33305.0,2775.0
2023,세종,2.0,7.0,15.0,23.0,16.0,32.0,3.0,10.0,9.0,10.0,7.0,7.0,141.0,12.0
2023,울산,223.0,38.0,43.0,97.0,28.0,34.0,22.0,18.0,30.0,1456.0,566.0,2684.0,5239.0,437.0
2023,인천,525.0,180.0,1592.0,477.0,1089.0,1482.0,119.0,86.0,1478.0,998.0,4368.0,3976.0,16370.0,1364.0
2023,전남,108.0,409.0,1015.0,291.0,452.0,501.0,204.0,4008.0,246.0,317.0,419.0,1582.0,9552.0,796.0
2023,전북,59.0,416.0,1181.0,897.0,689.0,201.0,669.0,587.0,134.0,865.0,2312.0,1561.0,9571.0,798.0
2023,제주,572.0,312.0,188.0,713.0,202.0,644.0,100.0,219.0,142.0,167.0,405.0,138.0,3802.0,317.0
2023,충남,1427.0,619.0,276.0,268.0,293.0,1249.0,191.0,250.0,674.0,1920.0,3989.0,348.0,11504.0,959.0
2023,충북,149.0,1190.0,980.0,1762.0,1057.0,1546.0,163.0,199.0,223.0,255.0,2422.0,237.0,10183.0,849.0
2024,강원,506.0,1651.0,273.0,1309.0,556.0,1270.0,1020.0,308.0,1212.0,374.0,672.0,1742.0,10893.0,908.0
2024,경기,7135.0,8437.0,2347.0,13762.0,5686.0,6221.0,5469.0,16042.0,5346.0,8018.0,4198.0,24576.0,107237.0,8936.0
2024,경남,137.0,402.0,928.0,257.0,1665.0,184.0,827.0,748.0,155.0,276.0,181.0,5227.0,10987.0,916.0
2024,경북,516.0,208.0,262.0,833.0,261.0,182.0,241.0,195.0,2573.0,269.0,207.0,1676.0,7423.0,619.0
2024,광주,2644.0,3.0,439.0,13.0,21.0,780.0,5.0,13.0,8.0,102.0,12.0,4.0,4044.0,337.0
2024,대구,282.0,8.0,292.0,198.0,1115.0,25.0,22.0,118.0,188.0,470.0,173.0,2762.0,5653.0,471.0
2024,대전,22.0,1222.0,1358.0,1811.0,35.0,3659.0,4087.0,12.0,362.0,2957.0,5.0,3377.0,18907.0,1576.0
2024,부산,36.0,1567.0,1812.0,678.0,1556.0,1473.0,27.0,2453.0,2468.0,981.0,565.0,3099.0,16715.0,1393.0
2024,서울,1151.0,1678.0,6990.0,746.0,1417.0,1019.0,1886.0,1769.0,880.0,1028.0,3882.0,3620.0,26066.0,2172.0
2024,세종,7.0,7.0,7.0,15.0,58.0,8.0,56.0,10.0,510.0,56.0,52.0,3024.0,3810.0,318.0
2024,울산,24.0,21.0,257.0,22.0,25.0,22.0,31.0,819.0,18.0,761.0,22.0,2155.0,4177.0,348.0
2024,인천,4113.0,2864.0,650.0,3197.0,2849.0,838.0,1060.0,3564.0,2350.0,3848.0,2850.0,1769.0,29952.0,2496.0
2024,전남,922.0,1498.0,295.0,462.0,318.0,1217.0,690.0,214.0,199.0,303.0,1005.0,3077.0,10200.0,850.0
2024,전북,447.0,347.0,122.0,1330.0,169.0,314.0,307.0,187.0,133.0,422.0,2630.0,978.0,7386.0,616.0
2024,제주,855.0,289.0,340.0,144.0,367.0,181.0,120.0,1595.0,89.0,294.0,218.0,270.0,4762.0,397.0
2024,충남,1769.0,678.0,230.0,1113.0,852.0,3076.0,468.0,198.0,1386.0,2419.0,4389.0,4760.0,21338.0,1778.0
2024,충북,2160.0,2472.0,317.0,213.0,231.0,1666.0,216.0,982.0,471.0,628.0,969.0,3558.0,13883.0,1157.0
