행정구역별,매입자거주지,항목,단위,2020.10 월,2020.11 월,2020.12 월,2021.01 월,2021.02 월,2021.03 월,2021.04 월,2021.05 월,2021.06 월,2021.07 월,2021.08 월,2021.09 월,2021.10 월,2021.11 월,2021.12 월,2022.01 월,2022.02 월,2022.03 월,2022.04 월,2022.05 월,2022.06 월,2022.07 월,2022.08 월,2022.09 월,2022.10 월,2022.11 월,2022.12 월,2023.01 월,2023.02 월,2023.03 월,2023.04 월,2023.05 월,2023.06 월,2023.07 월,2023.08 월,2023.09 월,2023.10 월,2023.11 월,2023.12 월,2024.01 월,2024.02 월,2024.03 월,2024.04 월,2024.05 월,2024.06 월,2024.07 월,2024.08 월,2024.09 월,2024.10 월,2024.11 월,2024.12 월,2025.01 월,2025.02 월,2025.03 월,2025.04 월,2025.05 월,2025.06 월,2025.07 월
종로구,관할 시군구내,동(호)수[동(호)수],동(호)수,48.0,43.0,60.0,47.0,71.0,61.0,61.0,63.0,44.0,48.0,39.0,37.0,30.0,40.0,34.0,15.0,18.0,36.0,33.0,50.0,40.0,32.0,21.0,35.0,11.0,17.0,8.0,15.0,34.0,38.0,18.0,28.0,30.0,35.0,33.0,25.0,34.0,35.0,25.0,29.0,19.0,30.0,47.0,55.0,32.0,59.0,50.0,28.0,34.0,38.0,21.0,24.0,30.0,45.0,53.0,42.0,56.0,56.0
종로구,관할 시군구내,면적[천㎡],천㎡,4.0,4.0,5.0,4.0,8.0,5.0,6.0,6.0,6.0,4.0,3.0,3.0,2.0,4.0,3.0,1.0,2.0,3.0,2.0,5.0,4.0,2.0,2.0,3.0,1.0,2.0,2.0,1.0,3.0,4.0,2.0,3.0,2.0,3.0,3.0,3.0,2.0,3.0,3.0,3.0,2.0,3.0,3.0,5.0,3.0,5.0,3.0,2.0,3.0,3.0,3.0,2.0,3.0,3.0,5.0,6.0,5.0,6.0
종로구,관할 시도내,동(호)수[동(호)수],동(호)수,67.0,100.0,104.0,57.0,113.0,78.0,101.0,117.0,71.0,69.0,76.0,45.0,50.0,47.0,79.0,43.0,33.0,34.0,42.0,49.0,38.0,39.0,25.0,18.0,15.0,22.0,25.0,15.0,19.0,29.0,23.0,31.0,34.0,29.0,34.0,50.0,32.0,24.0,29.0,28.0,25.0,23.0,36.0,46.0,54.0,62.0,50.0,42.0,38.0,41.0,31.0,46.0,36.0,55.0,59.0,58.0,84.0,58.0
종로구,관할 시도내,면적[천㎡],천㎡,6.0,5.0,9.0,4.0,8.0,8.0,7.0,11.0,7.0,7.0,8.0,4.0,4.0,6.0,7.0,3.0,2.0,2.0,4.0,6.0,4.0,3.0,3.0,2.0,1.0,1.0,2.0,2.0,2.0,3.0,2.0,3.0,4.0,2.0,3.0,5.0,3.0,2.0,3.0,2.0,2.0,2.0,3.0,4.0,5.0,5.0,4.0,4.0,4.0,3.0,3.0,2.0,3.0,5.0,5.0,5.0,7.0,5.0
종로구,관할 시도외 서울,동(호)수[동(호)수],동(호)수,0.0,0.0,0.0,0.0,0.0,0.0,0.0,0.0,0.0,0.0,0.0,0.0,0.0,0.0,0.0,0.0,0.0,0.0,0.0,0.0,0.0,0.0,0.0,0.0,0.0,0.0,0.0,0.0,0.0,0.0,0.0,0.0,0.0,0.0,0.0,0.0,0.0,0.0,0.0,0.0,0.0,0.0,0.0,0.0,0.0,0.0,0.0,0.0,0.0,0.0,0.0,0.0,0.0,0.0,0.0,0.0,0.0,0.0
종로구,관할 시도외 서울,면적[천㎡],천㎡,0.0,0.0,0.0,0.0,0.0,0.0,0.0,0.0,0.0,0.0,0.0,0.0,0.0,0.0,0.0,0.0,0.0,0.0,0.0,0.0,0.0,0.0,0.0,0.0,0.0,0.0,0.0,0.0,0.0,0.0,0.0,0.0,0.0,0.0,0.0,0.0,0.0,0.0,0.0,0.0,0.0,0.0,0.0,0.0,0.0,0.0,0.0,0.0,0.0,0.0,0.0,0.0,0.0,0.0,0.0,0.0,0.0,0.0
종로구,관할 시도외 기타,동(호)수[동(호)수],동(호)수,33.0,26.0,78.0,38.0,48.0,38.0,43.0,36.0,25.0,40.0,48.0,42.0,64.0,32.0,40.0,29.0,23.0,28.0,28.0,27.0,21.0,19.0,15.0,12.0,14.0,17.0,14.0,3.0,7.0,17.0,10.0,28.0,40.0,11.0,18.0,28.0,24.0,17.0,16.0,14.0,13.0,29.0,30.0,30.0,21.0,28.0,54.0,16.0,19.0,24.0,28.0,7.0,21.0,24.0,53.0,23.0,42.0,37.0
종로구,관할 시도외 기타,면적[천㎡],천㎡,2.0,3.0,5.0,3.0,4.0,2.0,6.0,3.0,2.0,4.0,3.0,4.0,4.0,2.0,2.0,2.0,1.0,2.0,2.0,3.0,2.0,1.0,1.0,1.0,2.0,1.0,1.0,0.0,0.0,2.0,1.0,2.0,3.0,1.0,1.0,3.0,1.0,2.0,1.0,1.0,1.0,2.0,2.0,2.0,1.0,2.0,4.0,1.0,1.0,1.0,2.0,0.0,1.0,2.0,3.0,2.0,4.0,3.0
중구,매입자거주지,동(호)수[동(호)수],동(호)수,143.0,126.0,183.0,144.0,170.0,112.0,132.0,144.0,106.0,129.0,107.0,107.0,75.0,55.0,46.0,76.0,43.0,74.0,68.0,83.0,85.0,53.0,66.0,50.0,47.0,36.0,31.0,29.0,59.0,62.0,71.0,89.0,103.0,101.0,97.0,92.0,75.0,90.0,72.0,72.0,69.0,92.0,93.0,123.0,95.0,193.0,134.0,100.0,113.0,121.0,101.0,115.0,140.0,219.0,251.0,148.0,232.0,174.0
중구,매입자거주지,면적[천㎡],천㎡,10.0,11.0,13.0,12.0,11.0,9.0,10.0,10.0,8.0,13.0,9.0,7.0,5.0,3.0,3.0,4.0,3.0,6.0,5.0,6.0,5.0,3.0,3.0,4.0,3.0,2.0,2.0,2.0,5.0,5.0,5.0,7.0,7.0,7.0,7.0,9.0,5.0,7.0,4.0,4.0,5.0,7.0,7.0,10.0,7.0,15.0,10.0,8.0,8.0,9.0,8.0,9.0,12.0,16.0,17.0,11.0,17.0,14.0
중구,관할 시군구내,동(호)수[동(호)수],동(호)수,33.0,34.0,53.0,42.0,40.0,29.0,33.0,43.0,25.0,46.0,28.0,25.0,19.0,10.0,14.0,30.0,8.0,15.0,19.0,24.0,20.0,8.0,9.0,8.0,10.0,9.0,9.0,9.0,14.0,9.0,21.0,34.0,38.0,19.0,30.0,24.0,19.0,34.0,16.0,17.0,17.0,31.0,24.0,48.0,23.0,47.0,31.0,25.0,31.0,27.0,22.0,28.0,31.0,57.0,84.0,34.0,53.0,38.0
중구,관할 시군구내,면적[천㎡],천㎡,3.0,2.0,4.0,4.0,3.0,2.0,3.0,3.0,2.0,4.0,3.0,2.0,1.0,1.0,1.0,2.0,1.0,1.0,2.0,2.0,1.0,1.0,0.0,1.0,1.0,0.0,1.0,0.0,1.0,1.0,2.0,2.0,2.0,2.0,2.0,2.0,1.0,2.0,1.0,2.0,1.0,3.0,2.0,4.0,2.0,3.0,3.0,2.0,3.0,2.0,2.0,3.0,3.0,4.0,5.0,3.0,3.0,3.0
중구,관할 시도내,동(호)수[동(호)수],동(호)수,87.0,64.0,89.0,79.0,48.0,48.0,61.0,59.0,54.0,57.0,57.0,57.0,34.0,33.0,19.0,36.0,19.0,39.0,30.0,34.0,35.0,16.0,44.0,30.0,33.0,16.0,13.0,17.0,31.0,38.0,31.0,33.0,39.0,61.0,50.0,44.0,38.0,33.0,32.0,41.0,39.0,41.0,48.0,61.0,50.0,97.0,78.0,55.0,55.0,54.0,56.0,60.0,72.0,99.0,104.0,74.0,118.0,88.0
중구,관할 시도내,면적[천㎡],천㎡,5.0,6.0,6.0,6.0,4.0,4.0,5.0,4.0,5.0,7.0,5.0,4.0,3.0,2.0,2.0,2.0,1.0,3.0,2.0,3.0,2.0,1.0,2.0,1.0,1.0,1.0,1.0,1.0,2.0,3.0,2.0,3.0,2.0,5.0,4.0,4.0,3.0,2.0,2.0,2.0,3.0,3.0,3.0,4.0,4.0,7.0,6.0,4.0,4.0,4.0,5.0,4.0,6.0,7.0,7.0,6.0,9.0,7.0
중구,관할 시도외 서울,동(호)수[동(호)수],동(호)수,0.0,0.0,0.0,0.0,0.0,0.0,0.0,0.0,0.0,0.0,0.0,0.0,0.0,0.0,0.0,0.0,0.0,0.0,0.0,0.0,0.0,0.0,0.0,0.0,0.0,0.0,0.0,0.0,0.0,0.0,0.0,0.0,0.0,0.0,0.0,0.0,0.0,0.0,0.0,0.0,0.0,0.0,0.0,0.0,0.0,0.0,0.0,0.0,0.0,0.0,0.0,0.0,0.0,0.0,0.0,0.0,0.0,0.0
중구,관할 시도외 서울,면적[천㎡],천㎡,0.0,0.0,0.0,0.0,0.0,0.0,0.0,0.0,0.0,0.0,0.0,0.0,0.0,0.0,0.0,0.0,0.0,0.0,0.0,0.0,0.0,0.0,0.0,0.0,0.0,0.0,0.0,0.0,0.0,0.0,0.0,0.0,0.0,0.0,0.0,0.0,0.0,0.0,0.0,0.0,0.0,0.0,0.0,0.0,0.0,0.0,0.0,0.0,0.0,0.0,0.0,0.0,0.0,0.0,0.0,0.0,0.0,0.0
중구,관할 시도외 기타,동(호)수[동(호)수],동(호)수,23.0,28.0,41.0,23.0,82.0,35.0,38.0,42.0,27.0,26.0,22.0,25.0,22.0,12.0,13.0,10.0,16.0,20.0,19.0,25.0,30.0,29.0,13.0,12.0,4.0,11.0,9.0,3.0,14.0,15.0,19.0,22.0,26.0,21.0,17.0,24.0,18.0,23.0,24.0,14.0,13.0,20.0,21.0,14.0,22.0,49.0,25.0,20.0,27.0,40.0,23.0,27.0,37.0,63.0,63.0,40.0,61.0,48.0
중구,관할 시도외 기타,면적[천㎡],천㎡,2.0,3.0,3.0,1.0,4.0,3.0,2.0,2.0,1.0,2.0,2.0,1.0,1.0,1.0,1.0,1.0,1.0,1.0,2.0,1.0,2.0,2.0,1.0,1.0,0.0,1.0,0.0,0.0,1.0,1.0,1.0,1.0,3.0,1.0,1.0,3.0,1.0,2.0,1.0,1.0,1.0,1.0,1.0,1.0,1.0,4.0,1.0,1.0,1.0,2.0,1.0,1.0,3.0,5.0,4.0,2.0,5.0,4.0
용산구,매입자거주지,동(호)수[동(호)수],동(호)수,243.0,299.0,397.0,265.0,301.0,223.0,546.0,334.0,296.0,264.0,308.0,266.0,199.0,187.0,134.0,102.0,81.0,99.0,154.0,226.0,154.0,117.0,97.0,96.0,58.0,53.0,68.0,60.0,109.0,93.0,100.0,132.0,161.0,133.0,147.0,134.0,137.0,123.0,86.0,97.0,102.0,134.0,197.0,172.0,258.0,282.0,344.0,229.0,206.0,148.0,142.0,130.0,151.0,380.0,322.0,217.0,315.0,403.0
용산구,매입자거주지,면적[천㎡],천㎡,23.0,25.0,36.0,23.0,25.0,26.0,92.0,38.0,24.0,26.0,25.0,25.0,19.0,16.0,15.0,8.0,8.0,12.0,18.0,22.0,13.0,11.0,9.0,7.0,6.0,6.0,6.0,4.0,9.0,7.0,9.0,13.0,15.0,11.0,12.0,11.0,12.0,13.0,7.0,9.0,12.0,10.0,17.0,14.0,22.0,22.0,28.0,21.0,19.0,14.0,13.0,12.0,14.0,36.0,29.0,18.0,25.0,31.0
용산구,관할 시군구내,동(호)수[동(호)수],동(호)수,66.0,57.0,100.0,58.0,59.0,78.0,304.0,79.0,69.0,42.0,68.0,50.0,29.0,27.0,34.0,31.0,27.0,19.0,36.0,62.0,40.0,25.0,23.0,17.0,16.0,8.0,16.0,16.0,19.0,22.0,28.0,30.0,34.0,36.0,23.0,33.0,42.0,36.0,15.0,24.0,19.0,33.0,41.0,39.0,63.0,61.0,65.0,36.0,49.0,40.0,42.0,29.0,28.0,100.0,80.0,50.0,56.0,91.0
용산구,관할 시군구내,면적[천㎡],천㎡,6.0,6.0,9.0,6.0,6.0,10.0,61.0,11.0,7.0,4.0,6.0,6.0,4.0,6.0,6.0,3.0,2.0,1.0,5.0,7.0,4.0,3.0,3.0,1.0,2.0,1.0,2.0,1.0,2.0,2.0,2.0,3.0,3.0,4.0,2.0,3.0,3.0,5.0,1.0,3.0,2.0,3.0,4.0,3.0,6.0,6.0,7.0,3.0,6.0,5.0,5.0,3.0,3.0,10.0,9.0,5.0,5.0,9.0
용산구,관할 시도내,동(호)수[동(호)수],동(호)수,100.0,117.0,184.0,124.0,139.0,77.0,144.0,146.0,127.0,135.0,142.0,127.0,93.0,65.0,49.0,29.0,29.0,36.0,54.0,79.0,62.0,48.0,28.0,46.0,29.0,26.0,24.0,21.0,46.0,33.0,41.0,52.0,69.0,55.0,80.0,60.0,54.0,49.0,36.0,41.0,53.0,58.0,91.0,81.0,104.0,129.0,171.0,127.0,89.0,70.0,58.0,59.0,88.0,169.0,162.0,99.0,164.0,200.0
용산구,관할 시도내,면적[천㎡],천㎡,9.0,11.0,17.0,10.0,11.0,9.0,19.0,17.0,11.0,13.0,11.0,12.0,9.0,6.0,6.0,2.0,3.0,6.0,7.0,9.0,5.0,4.0,3.0,3.0,3.0,3.0,2.0,2.0,5.0,3.0,4.0,5.0,6.0,4.0,6.0,5.0,6.0,5.0,3.0,3.0,5.0,5.0,8.0,7.0,10.0,9.0,14.0,12.0,9.0,6.0,4.0,6.0,8.0,17.0,14.0,8.0,14.0,15.0
용산구,관할 시도외 서울,동(호)수[동(호)수],동(호)수,0.0,0.0,0.0,0.0,0.0,0.0,0.0,0.0,0.0,0.0,0.0,0.0,0.0,0.0,0.0,0.0,0.0,0.0,0.0,0.0,0.0,0.0,0.0,0.0,0.0,0.0,0.0,0.0,0.0,0.0,0.0,0.0,0.0,0.0,0.0,0.0,0.0,0.0,0.0,0.0,0.0,0.0,0.0,0.0,0.0,0.0,0.0,0.0,0.0,0.0,0.0,0.0,0.0,0.0,0.0,0.0,0.0,0.0
용산구,관할 시도외 서울,면적[천㎡],천㎡,0.0,0.0,0.0,0.0,0.0,0.0,0.0,0.0,0.0,0.0,0.0,0.0,0.0,0.0,0.0,0.0,0.0,0.0,0.0,0.0,0.0,0.0,0.0,0.0,0.0,0.0,0.0,0.0,0.0,0.0,0.0,0.0,0.0,0.0,0.0,0.0,0.0,0.0,0.0,0.0,0.0,0.0,0.0,0.0,0.0,0.0,0.0,0.0,0.0,0.0,0.0,0.0,0.0,0.0,0.0,0.0,0.0,0.0
용산구,관할 시도외 기타,동(호)수[동(호)수],동(호)수,77.0,125.0,113.0,83.0,103.0,68.0,98.0,109.0,100.0,87.0,98.0,89.0,77.0,95.0,51.0,42.0,25.0,44.0,64.0,85.0,52.0,44.0,46.0,33.0,13.0,19.0,28.0,23.0,44.0,38.0,31.0,50.0,58.0,42.0,44.0,41.0,41.0,38.0,35.0,32.0,30.0,43.0,65.0,52.0,91.0,92.0,108.0,66.0,68.0,38.0,42.0,42.0,35.0,111.0,80.0,68.0,95.0,112.0
용산구,관할 시도외 기타,면적[천㎡],천㎡,9.0,8.0,10.0,7.0,8.0,7.0,12.0,10.0,6.0,9.0,8.0,7.0,6.0,5.0,4.0,2.0,3.0,5.0,7.0,6.0,4.0,3.0,3.0,2.0,1.0,2.0,3.0,2.0,3.0,3.0,3.0,5.0,5.0,3.0,3.0,3.0,3.0,3.0,3.0,2.0,5.0,3.0,6.0,3.0,7.0,7.0,8.0,6.0,5.0,4.0,3.0,3.0,3.0,9.0,6.0,5.0,6.0,7.0
성동구,매입자거주지,동(호)수[동(호)수],동(호)수,181.0,325.0,443.0,300.0,322.0,196.0,241.0,260.0,191.0,235.0,224.0,224.0,136.0,131.0,153.0,67.0,75.0,80.0,102.0,188.0,116.0,123.0,55.0,108.0,203.0,40.0,38.0,47.0,105.0,203.0,134.0,210.0,251.0,225.0,243.0,220.0,173.0,153.0,119.0,143.0,142.0,233.0,299.0,308.0,435.0,546.0,461.0,308.0,190.0,201.0,238.0,190.0,327.0,668.0,562.0,490.0,935.0,565.0
성동구,매입자거주지,면적[천㎡],천㎡,15.0,28.0,35.0,24.0,28.0,19.0,19.0,22.0,16.0,21.0,18.0,19.0,12.0,13.0,14.0,8.0,8.0,7.0,9.0,16.0,15.0,12.0,6.0,7.0,12.0,3.0,3.0,3.0,7.0,15.0,10.0,17.0,18.0,18.0,20.0,18.0,14.0,11.0,9.0,13.0,11.0,18.0,23.0,25.0,33.0,40.0,39.0,24.0,15.0,19.0,19.0,15.0,25.0,52.0,46.0,39.0,75.0,46.0
성동구,관할 시군구내,동(호)수[동(호)수],동(호)수,61.0,114.0,142.0,91.0,103.0,55.0,62.0,80.0,59.0,72.0,59.0,57.0,40.0,41.0,46.0,15.0,22.0,23.0,42.0,59.0,38.0,77.0,16.0,24.0,26.0,11.0,18.0,19.0,28.0,47.0,40.0,51.0,59.0,65.0,70.0,64.0,59.0,55.0,34.0,44.0,38.0,70.0,84.0,88.0,112.0,154.0,134.0,98.0,52.0,62.0,74.0,51.0,89.0,172.0,173.0,133.0,221.0,126.0
성동구,관할 시군구내,면적[천㎡],천㎡,5.0,11.0,11.0,7.0,9.0,7.0,5.0,7.0,5.0,7.0,5.0,6.0,4.0,6.0,4.0,2.0,4.0,2.0,4.0,5.0,7.0,6.0,3.0,2.0,2.0,1.0,2.0,1.0,2.0,3.0,4.0,5.0,5.0,6.0,5.0,6.0,5.0,4.0,3.0,4.0,3.0,6.0,8.0,8.0,9.0,13.0,12.0,9.0,6.0,5.0,6.0,4.0,7.0,15.0,15.0,10.0,19.0,11.0
성동구,관할 시도내,동(호)수[동(호)수],동(호)수,84.0,101.0,213.0,124.0,142.0,102.0,119.0,117.0,90.0,106.0,113.0,121.0,66.0,59.0,83.0,32.0,26.0,39.0,35.0,75.0,54.0,28.0,28.0,69.0,121.0,15.0,8.0,21.0,47.0,109.0,64.0,97.0,137.0,97.0,111.0,102.0,75.0,68.0,57.0,60.0,66.0,102.0,137.0,144.0,206.0,220.0,215.0,127.0,81.0,89.0,117.0,85.0,160.0,345.0,264.0,219.0,476.0,294.0
성동구,관할 시도내,면적[천㎡],천㎡,7.0,10.0,18.0,11.0,13.0,9.0,10.0,10.0,8.0,9.0,9.0,10.0,5.0,6.0,7.0,4.0,3.0,4.0,3.0,7.0,6.0,4.0,3.0,4.0,6.0,1.0,0.0,2.0,3.0,8.0,5.0,7.0,9.0,7.0,10.0,8.0,6.0,5.0,4.0,5.0,6.0,7.0,10.0,11.0,16.0,16.0,17.0,10.0,5.0,9.0,9.0,6.0,13.0,26.0,20.0,18.0,37.0,23.0
성동구,관할 시도외 서울,동(호)수[동(호)수],동(호)수,0.0,0.0,0.0,0.0,0.0,0.0,0.0,0.0,0.0,0.0,0.0,0.0,0.0,0.0,0.0,0.0,0.0,0.0,0.0,0.0,0.0,0.0,0.0,0.0,0.0,0.0,0.0,0.0,0.0,0.0,0.0,0.0,0.0,0.0,0.0,0.0,0.0,0.0,0.0,0.0,0.0,0.0,0.0,0.0,0.0,0.0,0.0,0.0,0.0,0.0,0.0,0.0,0.0,0.0,0.0,0.0,0.0,0.0
성동구,관할 시도외 서울,면적[천㎡],천㎡,0.0,0.0,0.0,0.0,0.0,0.0,0.0,0.0,0.0,0.0,0.0,0.0,0.0,0.0,0.0,0.0,0.0,0.0,0.0,0.0,0.0,0.0,0.0,0.0,0.0,0.0,0.0,0.0,0.0,0.0,0.0,0.0,0.0,0.0,0.0,0.0,0.0,0.0,0.0,0.0,0.0,0.0,0.0,0.0,0.0,0.0,0.0,0.0,0.0,0.0,0.0,0.0,0.0,0.0,0.0,0.0,0.0,0.0
성동구,관할 시도외 기타,동(호)수[동(호)수],동(호)수,36.0,110.0,88.0,85.0,77.0,39.0,60.0,63.0,42.0,57.0,52.0,46.0,30.0,31.0,24.0,20.0,27.0,18.0,25.0,54.0,24.0,18.0,11.0,15.0,56.0,14.0,12.0,7.0,30.0,47.0,30.0,62.0,55.0,63.0,62.0,54.0,39.0,30.0,28.0,39.0,38.0,61.0,78.0,76.0,117.0,172.0,112.0,83.0,57.0,50.0,47.0,54.0,78.0,151.0,125.0,138.0,238.0,145.0
성동구,관할 시도외 기타,면적[천㎡],천㎡,3.0,7.0,6.0,5.0,6.0,3.0,4.0,5.0,3.0,5.0,4.0,4.0,2.0,2.0,3.0,2.0,1.0,1.0,2.0,5.0,2.0,2.0,1.0,1.0,3.0,1.0,1.0,1.0,2.0,3.0,2.0,5.0,4.0,5.0,5.0,4.0,3.0,2.0,2.0,4.0,3.0,4.0,6.0,5.0,8.0,12.0,11.0,6.0,4.0,5.0,5.0,5.0,5.0,11.0,10.0,11.0,19.0,11.0
광진구,매입자거주지,동(호)수[동(호)수],동(호)수,295.0,266.0,407.0,326.0,422.0,348.0,400.0,406.0,325.0,318.0,312.0,258.0,256.0,240.0,202.0,120.0,105.0,139.0,206.0,242.0,215.0,229.0,122.0,97.0,72.0,110.0,183.0,108.0,118.0,160.0,172.0,201.0,188.0,154.0,163.0,185.0,165.0,163.0,137.0,183.0,240.0,227.0,283.0,259.0,424.0,405.0,361.0,310.0,248.0,229.0,202.0,219.0,250.0,420.0,433.0,383.0,628.0,469.0
광진구,매입자거주지,면적[천㎡],천㎡,27.0,26.0,30.0,25.0,35.0,26.0,33.0,30.0,27.0,25.0,23.0,21.0,19.0,27.0,18.0,9.0,9.0,14.0,21.0,20.0,20.0,19.0,10.0,9.0,7.0,7.0,8.0,7.0,9.0,11.0,13.0,12.0,13.0,11.0,12.0,13.0,13.0,13.0,10.0,13.0,15.0,15.0,21.0,19.0,27.0,28.0,26.0,22.0,16.0,19.0,13.0,14.0,16.0,31.0,34.0,28.0,46.0,34.0
광진구,관할 시군구내,동(호)수[동(호)수],동(호)수,141.0,122.0,188.0,137.0,156.0,144.0,153.0,218.0,163.0,141.0,110.0,102.0,94.0,88.0,66.0,47.0,45.0,66.0,85.0,109.0,87.0,76.0,53.0,46.0,35.0,46.0,70.0,34.0,51.0,74.0,78.0,83.0,64.0,55.0,66.0,77.0,76.0,58.0,64.0,69.0,96.0,82.0,119.0,122.0,144.0,165.0,150.0,124.0,94.0,95.0,77.0,101.0,117.0,203.0,175.0,156.0,213.0,167.0
광진구,관할 시군구내,면적[천㎡],천㎡,13.0,13.0,15.0,12.0,13.0,11.0,13.0,15.0,12.0,11.0,8.0,8.0,8.0,11.0,6.0,4.0,3.0,7.0,9.0,8.0,8.0,7.0,4.0,4.0,4.0,3.0,3.0,3.0,4.0,5.0,6.0,5.0,5.0,4.0,6.0,6.0,5.0,6.0,4.0,5.0,7.0,6.0,10.0,10.0,14.0,13.0,12.0,10.0,7.0,9.0,5.0,7.0,8.0,15.0,13.0,12.0,16.0,12.0
광진구,관할 시도내,동(호)수[동(호)수],동(호)수,97.0,106.0,147.0,104.0,190.0,126.0,170.0,113.0,108.0,112.0,127.0,103.0,91.0,91.0,84.0,56.0,39.0,49.0,77.0,82.0,67.0,37.0,47.0,24.0,17.0,46.0,14.0,55.0,27.0,37.0,53.0,54.0,83.0,66.0,50.0,64.0,52.0,76.0,29.0,68.0,74.0,80.0,94.0,78.0,121.0,139.0,138.0,119.0,89.0,88.0,86.0,62.0,87.0,141.0,178.0,135.0,274.0,191.0
광진구,관할 시도내,면적[천㎡],천㎡,10.0,10.0,10.0,9.0,15.0,9.0,13.0,8.0,12.0,10.0,11.0,8.0,7.0,11.0,8.0,4.0,4.0,6.0,8.0,7.0,7.0,4.0,5.0,2.0,1.0,3.0,1.0,2.0,2.0,3.0,4.0,3.0,6.0,5.0,4.0,5.0,5.0,5.0,2.0,4.0,4.0,5.0,8.0,6.0,7.0,10.0,10.0,9.0,6.0,7.0,6.0,5.0,5.0,11.0,15.0,10.0,21.0,15.0
광진구,관할 시도외 서울,동(호)수[동(호)수],동(호)수,0.0,0.0,0.0,0.0,0.0,0.0,0.0,0.0,0.0,0.0,0.0,0.0,0.0,0.0,0.0,0.0,0.0,0.0,0.0,0.0,0.0,0.0,0.0,0.0,0.0,0.0,0.0,0.0,0.0,0.0,0.0,0.0,0.0,0.0,0.0,0.0,0.0,0.0,0.0,0.0,0.0,0.0,0.0,0.0,0.0,0.0,0.0,0.0,0.0,0.0,0.0,0.0,0.0,0.0,0.0,0.0,0.0,0.0
광진구,관할 시도외 서울,면적[천㎡],천㎡,0.0,0.0,0.0,0.0,0.0,0.0,0.0,0.0,0.0,0.0,0.0,0.0,0.0,0.0,0.0,0.0,0.0,0.0,0.0,0.0,0.0,0.0,0.0,0.0,0.0,0.0,0.0,0.0,0.0,0.0,0.0,0.0,0.0,0.0,0.0,0.0,0.0,0.0,0.0,0.0,0.0,0.0,0.0,0.0,0.0,0.0,0.0,0.0,0.0,0.0,0.0,0.0,0.0,0.0,0.0,0.0,0.0,0.0
광진구,관할 시도외 기타,동(호)수[동(호)수],동(호)수,57.0,38.0,72.0,85.0,76.0,78.0,77.0,75.0,54.0,65.0,75.0,53.0,71.0,61.0,52.0,17.0,21.0,24.0,44.0,51.0,61.0,116.0,22.0,27.0,20.0,18.0,99.0,19.0,40.0,49.0,41.0,64.0,41.0,33.0,47.0,44.0,37.0,29.0,44.0,46.0,70.0,65.0,70.0,59.0,159.0,101.0,73.0,67.0,65.0,46.0,39.0,56.0,46.0,76.0,80.0,92.0,141.0,111.0
광진구,관할 시도외 기타,면적[천㎡],천㎡,3.0,3.0,5.0,5.0,6.0,5.0,7.0,7.0,3.0,4.0,5.0,5.0,4.0,5.0,4.0,1.0,1.0,2.0,4.0,4.0,4.0,8.0,2.0,2.0,1.0,1.0,4.0,1.0,4.0,3.0,3.0,3.0,3.0,2.0,2.0,2.0,2.0,3.0,4.0,3.0,4.0,4.0,4.0,3.0,6.0,6.0,4.0,3.0,4.0,3.0,2.0,3.0,3.0,5.0,6.0,6.0,9.0,7.0
동대문구,매입자거주지,동(호)수[동(호)수],동(호)수,335.0,273.0,532.0,467.0,350.0,286.0,297.0,322.0,337.0,339.0,350.0,222.0,218.0,224.0,137.0,116.0,120.0,142.0,184.0,223.0,176.0,118.0,110.0,99.0,74.0,124.0,66.0,87.0,147.0,200.0,216.0,230.0,252.0,243.0,224.0,205.0,170.0,175.0,123.0,158.0,189.0,206.0,276.0,304.0,309.0,505.0,410.0,333.0,256.0,298.0,245.0,216.0,316.0,463.0,532.0,519.0,677.0,499.0
동대문구,매입자거주지,면적[천㎡],천㎡,25.0,20.0,40.0,30.0,25.0,20.0,23.0,27.0,23.0,26.0,27.0,19.0,17.0,16.0,10.0,8.0,8.0,12.0,15.0,15.0,12.0,8.0,8.0,9.0,4.0,12.0,5.0,5.0,9.0,14.0,14.0,17.0,18.0,18.0,15.0,15.0,14.0,13.0,9.0,10.0,12.0,14.0,20.0,22.0,24.0,38.0,31.0,25.0,19.0,21.0,18.0,15.0,23.0,34.0,32.0,35.0,41.0,36.0
동대문구,관할 시군구내,동(호)수[동(호)수],동(호)수,125.0,86.0,153.0,118.0,131.0,106.0,100.0,121.0,98.0,120.0,113.0,86.0,81.0,62.0,47.0,28.0,37.0,44.0,52.0,61.0,50.0,46.0,33.0,33.0,25.0,23.0,17.0,27.0,54.0,59.0,82.0,64.0,104.0,75.0,90.0,70.0,67.0,50.0,48.0,49.0,66.0,100.0,109.0,102.0,111.0,183.0,144.0,102.0,93.0,91.0,88.0,64.0,102.0,172.0,144.0,129.0,184.0,185.0
동대문구,관할 시군구내,면적[천㎡],천㎡,10.0,7.0,13.0,10.0,9.0,8.0,7.0,10.0,8.0,9.0,9.0,7.0,7.0,5.0,4.0,2.0,2.0,3.0,4.0,4.0,4.0,3.0,2.0,3.0,1.0,1.0,1.0,2.0,3.0,5.0,5.0,5.0,8.0,6.0,6.0,5.0,5.0,5.0,4.0,3.0,5.0,8.0,9.0,8.0,9.0,15.0,13.0,8.0,7.0,7.0,7.0,5.0,9.0,13.0,11.0,10.0,13.0,15.0
동대문구,관할 시도내,동(호)수[동(호)수],동(호)수,146.0,122.0,284.0,195.0,141.0,129.0,115.0,115.0,139.0,136.0,166.0,90.0,91.0,99.0,55.0,57.0,56.0,64.0,50.0,81.0,79.0,44.0,45.0,50.0,29.0,46.0,25.0,33.0,58.0,76.0,75.0,121.0,95.0,97.0,83.0,89.0,68.0,92.0,41.0,66.0,86.0,62.0,120.0,139.0,130.0,196.0,152.0,157.0,109.0,132.0,83.0,98.0,125.0,202.0,166.0,299.0,350.0,209.0
동대문구,관할 시도내,면적[천㎡],천㎡,11.0,9.0,21.0,14.0,11.0,9.0,10.0,12.0,9.0,12.0,13.0,8.0,7.0,6.0,5.0,4.0,4.0,7.0,6.0,8.0,5.0,4.0,4.0,6.0,2.0,7.0,2.0,2.0,4.0,5.0,5.0,9.0,6.0,7.0,6.0,7.0,6.0,6.0,3.0,4.0,5.0,4.0,8.0,10.0,10.0,14.0,11.0,12.0,9.0,9.0,6.0,7.0,9.0,15.0,11.0,18.0,18.0,14.0
동대문구,관할 시도외 서울,동(호)수[동(호)수],동(호)수,0.0,0.0,0.0,0.0,0.0,0.0,0.0,0.0,0.0,0.0,0.0,0.0,0.0,0.0,0.0,0.0,0.0,0.0,0.0,0.0,0.0,0.0,0.0,0.0,0.0,0.0,0.0,0.0,0.0,0.0,0.0,0.0,0.0,0.0,0.0,0.0,0.0,0.0,0.0,0.0,0.0,0.0,0.0,0.0,0.0,0.0,0.0,0.0,0.0,0.0,0.0,0.0,0.0,0.0,0.0,0.0,0.0,0.0
동대문구,관할 시도외 서울,면적[천㎡],천㎡,0.0,0.0,0.0,0.0,0.0,0.0,0.0,0.0,0.0,0.0,0.0,0.0,0.0,0.0,0.0,0.0,0.0,0.0,0.0,0.0,0.0,0.0,0.0,0.0,0.0,0.0,0.0,0.0,0.0,0.0,0.0,0.0,0.0,0.0,0.0,0.0,0.0,0.0,0.0,0.0,0.0,0.0,0.0,0.0,0.0,0.0,0.0,0.0,0.0,0.0,0.0,0.0,0.0,0.0,0.0,0.0,0.0,0.0
동대문구,관할 시도외 기타,동(호)수[동(호)수],동(호)수,64.0,65.0,95.0,154.0,78.0,51.0,82.0,86.0,100.0,83.0,71.0,46.0,46.0,63.0,35.0,31.0,27.0,34.0,82.0,81.0,47.0,28.0,32.0,16.0,20.0,55.0,24.0,27.0,35.0,65.0,59.0,45.0,53.0,71.0,51.0,46.0,35.0,33.0,34.0,43.0,37.0,44.0,47.0,63.0,68.0,126.0,114.0,74.0,54.0,75.0,74.0,54.0,89.0,89.0,222.0,91.0,143.0,105.0
동대문구,관할 시도외 기타,면적[천㎡],천㎡,4.0,5.0,6.0,6.0,5.0,3.0,5.0,5.0,5.0,5.0,5.0,4.0,3.0,5.0,1.0,1.0,2.0,2.0,5.0,4.0,3.0,1.0,2.0,1.0,1.0,4.0,2.0,1.0,2.0,4.0,4.0,3.0,4.0,5.0,3.0,3.0,2.0,2.0,2.0,3.0,2.0,3.0,3.0,4.0,4.0,9.0,8.0,5.0,3.0,4.0,5.0,4.0,5.0,6.0,10.0,8.0,9.0,7.0
중랑구,매입자거주지,동(호)수[동(호)수],동(호)수,468.0,333.0,584.0,531.0,405.0,583.0,650.0,606.0,650.0,537.0,408.0,341.0,384.0,327.0,294.0,189.0,183.0,257.0,278.0,400.0,285.0,235.0,216.0,193.0,157.0,163.0,113.0,114.0,140.0,219.0,157.0,252.0,251.0,199.0,181.0,196.0,207.0,193.0,141.0,162.0,137.0,239.0,304.0,313.0,288.0,412.0,368.0,300.0,371.0,254.0,272.0,190.0,249.0,328.0,335.0,295.0,449.0,430.0
중랑구,매입자거주지,면적[천㎡],천㎡,36.0,23.0,45.0,37.0,31.0,50.0,50.0,54.0,46.0,41.0,33.0,26.0,29.0,21.0,21.0,14.0,13.0,18.0,19.0,24.0,19.0,15.0,16.0,15.0,11.0,10.0,6.0,8.0,10.0,12.0,9.0,13.0,17.0,11.0,11.0,13.0,13.0,11.0,8.0,10.0,9.0,14.0,17.0,20.0,17.0,26.0,24.0,18.0,21.0,15.0,15.0,11.0,15.0,21.0,20.0,19.0,28.0,25.0
중랑구,관할 시군구내,동(호)수[동(호)수],동(호)수,235.0,144.0,225.0,164.0,149.0,263.0,275.0,241.0,222.0,220.0,160.0,146.0,136.0,103.0,99.0,73.0,58.0,88.0,109.0,106.0,99.0,85.0,70.0,68.0,49.0,45.0,30.0,38.0,65.0,77.0,68.0,76.0,87.0,84.0,99.0,103.0,101.0,95.0,62.0,70.0,73.0,136.0,156.0,152.0,119.0,176.0,163.0,145.0,142.0,90.0,91.0,83.0,109.0,154.0,148.0,135.0,186.0,156.0
중랑구,관할 시군구내,면적[천㎡],천㎡,20.0,10.0,18.0,14.0,10.0,24.0,22.0,21.0,17.0,18.0,12.0,12.0,11.0,7.0,8.0,5.0,3.0,8.0,9.0,8.0,6.0,6.0,6.0,5.0,4.0,3.0,2.0,3.0,4.0,4.0,5.0,5.0,7.0,5.0,7.0,8.0,6.0,5.0,4.0,5.0,5.0,8.0,9.0,10.0,7.0,12.0,11.0,9.0,9.0,6.0,5.0,6.0,7.0,9.0,9.0,9.0,12.0,10.0
중랑구,관할 시도내,동(호)수[동(호)수],동(호)수,152.0,106.0,201.0,172.0,178.0,217.0,221.0,235.0,266.0,182.0,160.0,106.0,127.0,141.0,112.0,68.0,67.0,97.0,91.0,213.0,101.0,84.0,76.0,51.0,62.0,22.0,28.0,33.0,48.0,60.0,61.0,114.0,61.0,75.0,43.0,54.0,66.0,45.0,51.0,57.0,44.0,62.0,93.0,120.0,130.0,147.0,119.0,107.0,108.0,128.0,123.0,51.0,95.0,129.0,136.0,103.0,192.0,189.0
중랑구,관할 시도내,면적[천㎡],천㎡,11.0,9.0,17.0,14.0,15.0,20.0,18.0,22.0,19.0,15.0,14.0,9.0,12.0,9.0,8.0,5.0,6.0,5.0,7.0,11.0,8.0,5.0,6.0,5.0,3.0,2.0,1.0,2.0,4.0,3.0,3.0,5.0,4.0,3.0,2.0,3.0,4.0,3.0,3.0,3.0,4.0,3.0,5.0,7.0,7.0,8.0,7.0,7.0,7.0,7.0,7.0,3.0,5.0,9.0,8.0,6.0,12.0,11.0
중랑구,관할 시도외 서울,동(호)수[동(호)수],동(호)수,0.0,0.0,0.0,0.0,0.0,0.0,0.0,0.0,0.0,0.0,0.0,0.0,0.0,0.0,0.0,0.0,0.0,0.0,0.0,0.0,0.0,0.0,0.0,0.0,0.0,0.0,0.0,0.0,0.0,0.0,0.0,0.0,0.0,0.0,0.0,0.0,0.0,0.0,0.0,0.0,0.0,0.0,0.0,0.0,0.0,0.0,0.0,0.0,0.0,0.0,0.0,0.0,0.0,0.0,0.0,0.0,0.0,0.0
중랑구,관할 시도외 서울,면적[천㎡],천㎡,0.0,0.0,0.0,0.0,0.0,0.0,0.0,0.0,0.0,0.0,0.0,0.0,0.0,0.0,0.0,0.0,0.0,0.0,0.0,0.0,0.0,0.0,0.0,0.0,0.0,0.0,0.0,0.0,0.0,0.0,0.0,0.0,0.0,0.0,0.0,0.0,0.0,0.0,0.0,0.0,0.0,0.0,0.0,0.0,0.0,0.0,0.0,0.0,0.0,0.0,0.0,0.0,0.0,0.0,0.0,0.0,0.0,0.0
중랑구,관할 시도외 기타,동(호)수[동(호)수],동(호)수,81.0,83.0,158.0,195.0,78.0,103.0,154.0,130.0,162.0,135.0,88.0,89.0,121.0,83.0,83.0,48.0,58.0,72.0,78.0,81.0,85.0,66.0,70.0,74.0,46.0,96.0,55.0,43.0,27.0,82.0,28.0,62.0,103.0,40.0,39.0,39.0,40.0,53.0,28.0,35.0,20.0,41.0,55.0,41.0,39.0,89.0,86.0,48.0,121.0,36.0,58.0,56.0,45.0,45.0,51.0,57.0,71.0,85.0
중랑구,관할 시도외 기타,면적[천㎡],천㎡,5.0,4.0,9.0,9.0,6.0,7.0,9.0,10.0,11.0,8.0,7.0,5.0,6.0,5.0,5.0,4.0,4.0,5.0,4.0,6.0,5.0,3.0,4.0,5.0,4.0,4.0,3.0,2.0,1.0,4.0,1.0,3.0,6.0,2.0,2.0,2.0,2.0,3.0,1.0,2.0,1.0,3.0,3.0,2.0,3.0,6.0,6.0,2.0,6.0,2.0,3.0,2.0,2.0,2.0,3.0,4.0,4.0,4.0
성북구,매입자거주지,동(호)수[동(호)수],동(호)수,539.0,441.0,661.0,562.0,587.0,538.0,516.0,608.0,467.0,534.0,600.0,479.0,354.0,306.0,301.0,147.0,137.0,180.0,269.0,266.0,532.0,163.0,171.0,122.0,365.0,122.0,114.0,175.0,239.0,234.0,261.0,327.0,289.0,293.0,353.0,308.0,240.0,242.0,225.0,227.0,244.0,296.0,374.0,384.0,394.0,670.0,518.0,405.0,334.0,343.0,266.0,240.0,372.0,540.0,496.0,573.0,767.0,562.0
성북구,매입자거주지,면적[천㎡],천㎡,40.0,39.0,51.0,42.0,46.0,41.0,39.0,45.0,35.0,42.0,41.0,37.0,26.0,24.0,21.0,12.0,10.0,13.0,19.0,22.0,31.0,12.0,13.0,11.0,24.0,7.0,7.0,9.0,15.0,18.0,19.0,23.0,21.0,21.0,25.0,22.0,19.0,18.0,17.0,17.0,19.0,22.0,27.0,29.0,30.0,51.0,38.0,30.0,23.0,23.0,18.0,17.0,26.0,38.0,36.0,40.0,55.0,43.0
성북구,관할 시군구내,동(호)수[동(호)수],동(호)수,213.0,172.0,257.0,203.0,227.0,214.0,193.0,239.0,155.0,204.0,202.0,163.0,128.0,95.0,83.0,48.0,44.0,72.0,94.0,100.0,83.0,67.0,49.0,64.0,97.0,54.0,58.0,36.0,77.0,92.0,101.0,134.0,137.0,124.0,144.0,119.0,108.0,101.0,145.0,96.0,97.0,115.0,155.0,168.0,160.0,277.0,212.0,161.0,143.0,141.0,108.0,83.0,151.0,196.0,185.0,209.0,283.0,211.0
성북구,관할 시군구내,면적[천㎡],천㎡,15.0,13.0,21.0,15.0,18.0,17.0,17.0,17.0,13.0,16.0,16.0,14.0,9.0,9.0,6.0,3.0,3.0,5.0,8.0,8.0,7.0,6.0,4.0,6.0,7.0,3.0,4.0,3.0,5.0,8.0,8.0,10.0,10.0,11.0,12.0,10.0,9.0,9.0,10.0,7.0,9.0,9.0,11.0,13.0,12.0,21.0,16.0,12.0,10.0,10.0,7.0,6.0,12.0,14.0,13.0,16.0,22.0,16.0
성북구,관할 시도내,동(호)수[동(호)수],동(호)수,211.0,183.0,265.0,234.0,232.0,216.0,232.0,239.0,213.0,227.0,290.0,218.0,145.0,133.0,100.0,50.0,49.0,71.0,129.0,106.0,424.0,50.0,44.0,33.0,248.0,41.0,33.0,96.0,95.0,81.0,92.0,123.0,114.0,104.0,155.0,139.0,94.0,72.0,56.0,77.0,75.0,120.0,129.0,149.0,160.0,259.0,207.0,171.0,118.0,140.0,99.0,97.0,114.0,221.0,194.0,240.0,312.0,215.0
성북구,관할 시도내,면적[천㎡],천㎡,16.0,13.0,22.0,18.0,18.0,16.0,17.0,17.0,16.0,18.0,18.0,16.0,10.0,10.0,8.0,5.0,4.0,5.0,9.0,9.0,21.0,4.0,5.0,3.0,15.0,2.0,2.0,5.0,6.0,6.0,7.0,8.0,8.0,7.0,10.0,9.0,7.0,5.0,5.0,5.0,6.0,10.0,10.0,11.0,12.0,20.0,15.0,13.0,8.0,9.0,7.0,7.0,8.0,15.0,15.0,16.0,21.0,17.0
성북구,관할 시도외 서울,동(호)수[동(호)수],동(호)수,0.0,0.0,0.0,0.0,0.0,0.0,0.0,0.0,0.0,0.0,0.0,0.0,0.0,0.0,0.0,0.0,0.0,0.0,0.0,0.0,0.0,0.0,0.0,0.0,0.0,0.0,0.0,0.0,0.0,0.0,0.0,0.0,0.0,0.0,0.0,0.0,0.0,0.0,0.0,0.0,0.0,0.0,0.0,0.0,0.0,0.0,0.0,0.0,0.0,0.0,0.0,0.0,0.0,0.0,0.0,0.0,0.0,0.0
성북구,관할 시도외 서울,면적[천㎡],천㎡,0.0,0.0,0.0,0.0,0.0,0.0,0.0,0.0,0.0,0.0,0.0,0.0,0.0,0.0,0.0,0.0,0.0,0.0,0.0,0.0,0.0,0.0,0.0,0.0,0.0,0.0,0.0,0.0,0.0,0.0,0.0,0.0,0.0,0.0,0.0,0.0,0.0,0.0,0.0,0.0,0.0,0.0,0.0,0.0,0.0,0.0,0.0,0.0,0.0,0.0,0.0,0.0,0.0,0.0,0.0,0.0,0.0,0.0
성북구,관할 시도외 기타,동(호)수[동(호)수],동(호)수,115.0,86.0,139.0,125.0,128.0,108.0,91.0,130.0,99.0,103.0,108.0,98.0,81.0,78.0,118.0,49.0,44.0,37.0,46.0,60.0,25.0,46.0,78.0,25.0,20.0,27.0,23.0,43.0,67.0,61.0,68.0,70.0,38.0,65.0,54.0,50.0,38.0,69.0,24.0,54.0,72.0,61.0,90.0,67.0,74.0,134.0,99.0,73.0,73.0,62.0,59.0,60.0,107.0,123.0,117.0,124.0,172.0,136.0
성북구,관할 시도외 기타,면적[천㎡],천㎡,8.0,12.0,8.0,9.0,9.0,7.0,5.0,10.0,6.0,8.0,7.0,7.0,6.0,5.0,7.0,4.0,2.0,2.0,2.0,5.0,3.0,2.0,5.0,2.0,1.0,2.0,2.0,2.0,4.0,4.0,5.0,5.0,2.0,4.0,3.0,3.0,2.0,4.0,1.0,4.0,4.0,3.0,6.0,5.0,5.0,10.0,7.0,5.0,5.0,4.0,3.0,4.0,6.0,9.0,8.0,8.0,12.0,9.0
강북구,매입자거주지,동(호)수[동(호)수],동(호)수,649.0,394.0,650.0,534.0,601.0,637.0,588.0,543.0,540.0,527.0,463.0,398.0,379.0,287.0,246.0,265.0,186.0,226.0,237.0,286.0,221.0,198.0,211.0,113.0,156.0,96.0,170.0,141.0,125.0,184.0,171.0,218.0,268.0,169.0,284.0,229.0,177.0,236.0,145.0,164.0,139.0,201.0,221.0,237.0,236.0,342.0,250.0,240.0,268.0,169.0,186.0,140.0,273.0,244.0,281.0,266.0,334.0,300.0
강북구,매입자거주지,면적[천㎡],천㎡,37.0,27.0,46.0,34.0,37.0,41.0,37.0,36.0,36.0,32.0,32.0,27.0,22.0,18.0,15.0,15.0,11.0,14.0,14.0,16.0,15.0,11.0,14.0,7.0,8.0,6.0,8.0,9.0,8.0,11.0,11.0,14.0,15.0,11.0,13.0,15.0,11.0,14.0,8.0,10.0,8.0,12.0,13.0,14.0,15.0,23.0,16.0,15.0,16.0,11.0,10.0,10.0,17.0,16.0,19.0,16.0,22.0,20.0
강북구,관할 시군구내,동(호)수[동(호)수],동(호)수,229.0,169.0,227.0,157.0,203.0,250.0,201.0,187.0,172.0,176.0,146.0,132.0,114.0,90.0,69.0,66.0,53.0,64.0,79.0,107.0,70.0,65.0,81.0,34.0,41.0,41.0,27.0,44.0,66.0,80.0,84.0,94.0,83.0,78.0,78.0,118.0,64.0,95.0,71.0,83.0,62.0,102.0,102.0,113.0,105.0,157.0,116.0,100.0,93.0,82.0,53.0,72.0,106.0,111.0,120.0,98.0,119.0,136.0
강북구,관할 시군구내,면적[천㎡],천㎡,15.0,13.0,19.0,12.0,13.0,18.0,15.0,15.0,12.0,13.0,11.0,10.0,7.0,6.0,4.0,4.0,3.0,3.0,5.0,6.0,5.0,5.0,7.0,2.0,2.0,2.0,2.0,3.0,5.0,5.0,5.0,6.0,5.0,5.0,5.0,7.0,4.0,7.0,4.0,5.0,4.0,7.0,6.0,7.0,6.0,10.0,7.0,7.0,6.0,6.0,3.0,6.0,6.0,7.0,8.0,6.0,8.0,10.0
강북구,관할 시도내,동(호)수[동(호)수],동(호)수,204.0,123.0,247.0,214.0,211.0,230.0,201.0,224.0,205.0,220.0,199.0,163.0,146.0,97.0,66.0,114.0,73.0,87.0,95.0,98.0,82.0,75.0,72.0,39.0,54.0,35.0,23.0,58.0,35.0,48.0,57.0,66.0,72.0,60.0,68.0,76.0,74.0,96.0,45.0,41.0,42.0,63.0,81.0,84.0,88.0,132.0,91.0,95.0,136.0,60.0,96.0,53.0,133.0,92.0,120.0,132.0,160.0,123.0
강북구,관할 시도내,면적[천㎡],천㎡,12.0,8.0,19.0,14.0,14.0,15.0,13.0,14.0,16.0,14.0,15.0,11.0,9.0,7.0,5.0,7.0,5.0,6.0,6.0,6.0,6.0,4.0,4.0,3.0,3.0,2.0,2.0,4.0,2.0,3.0,3.0,5.0,4.0,5.0,4.0,5.0,5.0,5.0,2.0,4.0,3.0,4.0,5.0,5.0,6.0,9.0,6.0,6.0,8.0,4.0,5.0,3.0,8.0,6.0,8.0,8.0,10.0,7.0
강북구,관할 시도외 서울,동(호)수[동(호)수],동(호)수,0.0,0.0,0.0,0.0,0.0,0.0,0.0,0.0,0.0,0.0,0.0,0.0,0.0,0.0,0.0,0.0,0.0,0.0,0.0,0.0,0.0,0.0,0.0,0.0,0.0,0.0,0.0,0.0,0.0,0.0,0.0,0.0,0.0,0.0,0.0,0.0,0.0,0.0,0.0,0.0,0.0,0.0,0.0,0.0,0.0,0.0,0.0,0.0,0.0,0.0,0.0,0.0,0.0,0.0,0.0,0.0,0.0,0.0
강북구,관할 시도외 서울,면적[천㎡],천㎡,0.0,0.0,0.0,0.0,0.0,0.0,0.0,0.0,0.0,0.0,0.0,0.0,0.0,0.0,0.0,0.0,0.0,0.0,0.0,0.0,0.0,0.0,0.0,0.0,0.0,0.0,0.0,0.0,0.0,0.0,0.0,0.0,0.0,0.0,0.0,0.0,0.0,0.0,0.0,0.0,0.0,0.0,0.0,0.0,0.0,0.0,0.0,0.0,0.0,0.0,0.0,0.0,0.0,0.0,0.0,0.0,0.0,0.0
강북구,관할 시도외 기타,동(호)수[동(호)수],동(호)수,216.0,102.0,176.0,163.0,187.0,157.0,186.0,132.0,163.0,131.0,118.0,103.0,119.0,100.0,111.0,85.0,60.0,75.0,63.0,81.0,69.0,58.0,58.0,40.0,61.0,20.0,120.0,39.0,24.0,56.0,30.0,58.0,113.0,31.0,138.0,35.0,39.0,45.0,29.0,40.0,35.0,36.0,38.0,40.0,43.0,53.0,43.0,45.0,39.0,27.0,37.0,15.0,34.0,41.0,41.0,36.0,55.0,41.0
강북구,관할 시도외 기타,면적[천㎡],천㎡,10.0,6.0,9.0,8.0,9.0,8.0,9.0,7.0,8.0,6.0,6.0,6.0,6.0,5.0,6.0,4.0,3.0,5.0,3.0,4.0,4.0,2.0,3.0,2.0,2.0,1.0,4.0,2.0,1.0,4.0,2.0,3.0,6.0,2.0,4.0,2.0,2.0,2.0,1.0,2.0,2.0,2.0,2.0,2.0,2.0,3.0,2.0,3.0,2.0,2.0,2.0,1.0,2.0,3.0,3.0,2.0,3.0,3.0
도봉구,매입자거주지,동(호)수[동(호)수],동(호)수,448.0,395.0,677.0,678.0,772.0,558.0,809.0,802.0,640.0,528.0,479.0,333.0,329.0,384.0,210.0,152.0,185.0,160.0,258.0,284.0,260.0,181.0,169.0,137.0,151.0,77.0,117.0,99.0,152.0,199.0,154.0,231.0,181.0,191.0,253.0,206.0,170.0,159.0,142.0,166.0,165.0,234.0,282.0,267.0,244.0,283.0,334.0,251.0,233.0,215.0,181.0,146.0,194.0,284.0,313.0,260.0,316.0,352.0
도봉구,매입자거주지,면적[천㎡],천㎡,31.0,28.0,46.0,39.0,48.0,35.0,45.0,47.0,39.0,35.0,31.0,21.0,19.0,26.0,11.0,9.0,12.0,10.0,15.0,17.0,14.0,11.0,11.0,9.0,8.0,4.0,6.0,5.0,9.0,13.0,10.0,14.0,11.0,11.0,17.0,12.0,11.0,10.0,11.0,11.0,11.0,16.0,17.0,17.0,16.0,19.0,24.0,18.0,16.0,14.0,12.0,8.0,12.0,17.0,19.0,16.0,20.0,23.0
도봉구,관할 시군구내,동(호)수[동(호)수],동(호)수,178.0,151.0,251.0,198.0,226.0,202.0,208.0,228.0,184.0,181.0,168.0,107.0,95.0,77.0,54.0,48.0,46.0,57.0,76.0,86.0,72.0,59.0,51.0,47.0,48.0,31.0,39.0,31.0,62.0,95.0,74.0,92.0,83.0,85.0,104.0,92.0,76.0,75.0,51.0,78.0,89.0,122.0,136.0,132.0,107.0,133.0,159.0,134.0,113.0,75.0,72.0,61.0,91.0,146.0,171.0,139.0,160.0,186.0
도봉구,관할 시군구내,면적[천㎡],천㎡,12.0,11.0,19.0,13.0,17.0,14.0,13.0,15.0,14.0,13.0,11.0,7.0,6.0,7.0,3.0,3.0,4.0,5.0,5.0,6.0,4.0,5.0,3.0,4.0,3.0,2.0,2.0,2.0,4.0,6.0,5.0,6.0,5.0,6.0,7.0,6.0,5.0,5.0,3.0,6.0,7.0,8.0,8.0,9.0,8.0,10.0,12.0,10.0,8.0,5.0,6.0,4.0,6.0,9.0,11.0,9.0,11.0,13.0
도봉구,관할 시도내,동(호)수[동(호)수],동(호)수,176.0,152.0,269.0,215.0,291.0,190.0,277.0,294.0,222.0,231.0,192.0,112.0,122.0,229.0,77.0,58.0,79.0,47.0,108.0,110.0,135.0,70.0,83.0,63.0,81.0,30.0,39.0,42.0,62.0,65.0,48.0,77.0,64.0,62.0,109.0,75.0,50.0,50.0,68.0,54.0,53.0,67.0,81.0,82.0,83.0,93.0,110.0,87.0,85.0,101.0,72.0,51.0,68.0,86.0,98.0,75.0,101.0,103.0
도봉구,관할 시도내,면적[천㎡],천㎡,13.0,11.0,18.0,13.0,20.0,11.0,18.0,18.0,13.0,16.0,14.0,8.0,8.0,15.0,4.0,4.0,4.0,2.0,7.0,7.0,7.0,4.0,6.0,4.0,3.0,1.0,2.0,2.0,4.0,4.0,3.0,5.0,4.0,3.0,8.0,4.0,3.0,3.0,4.0,3.0,3.0,5.0,5.0,5.0,5.0,6.0,8.0,6.0,6.0,6.0,5.0,3.0,4.0,5.0,6.0,4.0,6.0,7.0
도봉구,관할 시도외 서울,동(호)수[동(호)수],동(호)수,0.0,0.0,0.0,0.0,0.0,0.0,0.0,0.0,0.0,0.0,0.0,0.0,0.0,0.0,0.0,0.0,0.0,0.0,0.0,0.0,0.0,0.0,0.0,0.0,0.0,0.0,0.0,0.0,0.0,0.0,0.0,0.0,0.0,0.0,0.0,0.0,0.0,0.0,0.0,0.0,0.0,0.0,0.0,0.0,0.0,0.0,0.0,0.0,0.0,0.0,0.0,0.0,0.0,0.0,0.0,0.0,0.0,0.0
도봉구,관할 시도외 서울,면적[천㎡],천㎡,0.0,0.0,0.0,0.0,0.0,0.0,0.0,0.0,0.0,0.0,0.0,0.0,0.0,0.0,0.0,0.0,0.0,0.0,0.0,0.0,0.0,0.0,0.0,0.0,0.0,0.0,0.0,0.0,0.0,0.0,0.0,0.0,0.0,0.0,0.0,0.0,0.0,0.0,0.0,0.0,0.0,0.0,0.0,0.0,0.0,0.0,0.0,0.0,0.0,0.0,0.0,0.0,0.0,0.0,0.0,0.0,0.0,0.0
도봉구,관할 시도외 기타,동(호)수[동(호)수],동(호)수,94.0,92.0,157.0,265.0,255.0,166.0,324.0,280.0,234.0,116.0,119.0,114.0,112.0,78.0,79.0,46.0,60.0,56.0,74.0,88.0,53.0,52.0,35.0,27.0,22.0,16.0,39.0,26.0,28.0,39.0,32.0,62.0,34.0,44.0,40.0,39.0,44.0,34.0,23.0,34.0,23.0,45.0,65.0,53.0,54.0,57.0,65.0,30.0,35.0,39.0,37.0,34.0,35.0,52.0,44.0,46.0,55.0,63.0
도봉구,관할 시도외 기타,면적[천㎡],천㎡,6.0,6.0,9.0,12.0,12.0,9.0,14.0,15.0,13.0,7.0,6.0,6.0,5.0,4.0,4.0,2.0,4.0,3.0,4.0,5.0,3.0,2.0,2.0,1.0,1.0,1.0,2.0,1.0,2.0,3.0,2.0,3.0,2.0,2.0,2.0,2.0,3.0,2.0,3.0,2.0,1.0,3.0,4.0,3.0,3.0,3.0,5.0,2.0,2.0,3.0,2.0,1.0,2.0,3.0,3.0,2.0,3.0,4.0
노원구,매입자거주지,동(호)수[동(호)수],동(호)수,551.0,461.0,997.0,782.0,731.0,501.0,601.0,656.0,548.0,565.0,456.0,380.0,278.0,242.0,155.0,106.0,105.0,144.0,250.0,231.0,180.0,140.0,86.0,79.0,74.0,71.0,88.0,117.0,203.0,275.0,227.0,338.0,312.0,300.0,358.0,334.0,288.0,235.0,173.0,206.0,229.0,308.0,401.0,385.0,421.0,719.0,651.0,452.0,333.0,338.0,295.0,240.0,352.0,613.0,539.0,554.0,803.0,639.0
노원구,매입자거주지,면적[천㎡],천㎡,35.0,32.0,62.0,47.0,44.0,32.0,34.0,40.0,34.0,36.0,29.0,26.0,18.0,16.0,11.0,7.0,7.0,9.0,15.0,16.0,10.0,8.0,4.0,5.0,6.0,4.0,5.0,7.0,13.0,18.0,15.0,20.0,20.0,21.0,22.0,21.0,17.0,15.0,11.0,12.0,14.0,19.0,24.0,25.0,27.0,47.0,42.0,30.0,21.0,20.0,18.0,16.0,21.0,39.0,34.0,34.0,50.0,41.0
노원구,관할 시군구내,동(호)수[동(호)수],동(호)수,247.0,205.0,418.0,267.0,274.0,195.0,185.0,246.0,238.0,237.0,173.0,132.0,100.0,80.0,66.0,32.0,44.0,40.0,94.0,88.0,50.0,44.0,28.0,26.0,31.0,20.0,39.0,53.0,81.0,110.0,100.0,124.0,137.0,145.0,185.0,157.0,131.0,119.0,73.0,82.0,96.0,151.0,201.0,199.0,213.0,408.0,330.0,245.0,171.0,158.0,118.0,98.0,161.0,282.0,236.0,273.0,372.0,289.0
노원구,관할 시군구내,면적[천㎡],천㎡,17.0,15.0,29.0,19.0,19.0,14.0,12.0,16.0,16.0,16.0,12.0,9.0,7.0,6.0,5.0,2.0,3.0,2.0,6.0,6.0,3.0,3.0,1.0,2.0,2.0,1.0,2.0,4.0,5.0,7.0,7.0,8.0,9.0,12.0,12.0,11.0,9.0,8.0,5.0,5.0,6.0,10.0,14.0,14.0,15.0,28.0,23.0,18.0,11.0,11.0,8.0,7.0,10.0,19.0,17.0,18.0,25.0,20.0
노원구,관할 시도내,동(호)수[동(호)수],동(호)수,214.0,161.0,361.0,344.0,284.0,190.0,220.0,265.0,203.0,208.0,177.0,172.0,117.0,75.0,50.0,39.0,42.0,70.0,100.0,88.0,83.0,41.0,24.0,31.0,19.0,23.0,25.0,33.0,73.0,83.0,66.0,126.0,100.0,87.0,110.0,100.0,89.0,69.0,56.0,66.0,79.0,87.0,126.0,105.0,134.0,170.0,173.0,115.0,95.0,133.0,103.0,95.0,101.0,203.0,186.0,185.0,251.0,218.0
노원구,관할 시도내,면적[천㎡],천㎡,14.0,10.0,20.0,18.0,16.0,11.0,12.0,15.0,11.0,12.0,12.0,12.0,7.0,5.0,3.0,3.0,3.0,5.0,5.0,6.0,4.0,3.0,1.0,2.0,1.0,1.0,1.0,2.0,4.0,5.0,4.0,7.0,6.0,6.0,6.0,6.0,5.0,4.0,3.0,4.0,4.0,5.0,7.0,6.0,8.0,10.0,11.0,7.0,6.0,7.0,6.0,5.0,6.0,12.0,10.0,10.0,15.0,13.0
노원구,관할 시도외 서울,동(호)수[동(호)수],동(호)수,0.0,0.0,0.0,0.0,0.0,0.0,0.0,0.0,0.0,0.0,0.0,0.0,0.0,0.0,0.0,0.0,0.0,0.0,0.0,0.0,0.0,0.0,0.0,0.0,0.0,0.0,0.0,0.0,0.0,0.0,0.0,0.0,0.0,0.0,0.0,0.0,0.0,0.0,0.0,0.0,0.0,0.0,0.0,0.0,0.0,0.0,0.0,0.0,0.0,0.0,0.0,0.0,0.0,0.0,0.0,0.0,0.0,0.0
노원구,관할 시도외 서울,면적[천㎡],천㎡,0.0,0.0,0.0,0.0,0.0,0.0,0.0,0.0,0.0,0.0,0.0,0.0,0.0,0.0,0.0,0.0,0.0,0.0,0.0,0.0,0.0,0.0,0.0,0.0,0.0,0.0,0.0,0.0,0.0,0.0,0.0,0.0,0.0,0.0,0.0,0.0,0.0,0.0,0.0,0.0,0.0,0.0,0.0,0.0,0.0,0.0,0.0,0.0,0.0,0.0,0.0,0.0,0.0,0.0,0.0,0.0,0.0,0.0
노원구,관할 시도외 기타,동(호)수[동(호)수],동(호)수,90.0,95.0,218.0,171.0,173.0,116.0,196.0,145.0,107.0,120.0,106.0,76.0,61.0,87.0,39.0,35.0,19.0,34.0,56.0,55.0,47.0,55.0,34.0,22.0,24.0,28.0,24.0,31.0,49.0,82.0,61.0,88.0,75.0,68.0,63.0,77.0,68.0,47.0,44.0,58.0,54.0,70.0,74.0,81.0,74.0,141.0,148.0,92.0,67.0,47.0,74.0,47.0,90.0,128.0,117.0,96.0,180.0,132.0
노원구,관할 시도외 기타,면적[천㎡],천㎡,5.0,6.0,13.0,10.0,9.0,6.0,10.0,8.0,6.0,7.0,6.0,5.0,4.0,5.0,3.0,2.0,1.0,2.0,4.0,4.0,3.0,2.0,2.0,1.0,2.0,1.0,1.0,2.0,3.0,6.0,4.0,4.0,5.0,4.0,3.0,4.0,3.0,3.0,3.0,3.0,3.0,4.0,4.0,4.0,4.0,8.0,9.0,6.0,4.0,3.0,5.0,3.0,5.0,7.0,7.0,6.0,10.0,7.0
은평구,매입자거주지,동(호)수[동(호)수],동(호)수,827.0,617.0,1021.0,846.0,881.0,674.0,731.0,876.0,975.0,884.0,781.0,741.0,678.0,678.0,417.0,398.0,294.0,345.0,394.0,555.0,434.0,360.0,285.0,277.0,244.0,165.0,228.0,156.0,261.0,565.0,323.0,367.0,326.0,321.0,388.0,349.0,310.0,274.0,233.0,271.0,267.0,370.0,474.0,483.0,570.0,527.0,571.0,448.0,429.0,345.0,431.0,255.0,355.0,540.0,532.0,540.0,715.0,678.0
은평구,매입자거주지,면적[천㎡],천㎡,50.0,40.0,68.0,53.0,54.0,41.0,46.0,50.0,54.0,53.0,46.0,43.0,39.0,40.0,23.0,20.0,18.0,19.0,23.0,31.0,26.0,24.0,15.0,18.0,13.0,9.0,10.0,11.0,14.0,27.0,22.0,23.0,19.0,21.0,24.0,22.0,20.0,16.0,15.0,16.0,16.0,22.0,30.0,29.0,34.0,34.0,34.0,27.0,25.0,23.0,24.0,14.0,20.0,32.0,32.0,32.0,44.0,40.0
은평구,관할 시군구내,동(호)수[동(호)수],동(호)수,375.0,246.0,382.0,310.0,355.0,310.0,300.0,377.0,368.0,380.0,307.0,287.0,292.0,246.0,173.0,110.0,117.0,139.0,145.0,216.0,202.0,151.0,124.0,150.0,139.0,94.0,91.0,76.0,109.0,153.0,172.0,184.0,155.0,147.0,174.0,155.0,166.0,133.0,109.0,123.0,143.0,198.0,240.0,253.0,332.0,256.0,271.0,213.0,210.0,175.0,172.0,117.0,142.0,264.0,275.0,255.0,321.0,318.0
은평구,관할 시군구내,면적[천㎡],천㎡,25.0,16.0,25.0,20.0,23.0,21.0,21.0,22.0,22.0,23.0,19.0,16.0,18.0,14.0,10.0,6.0,8.0,8.0,10.0,14.0,13.0,8.0,7.0,10.0,7.0,5.0,5.0,6.0,6.0,9.0,12.0,12.0,10.0,10.0,11.0,11.0,11.0,8.0,7.0,8.0,9.0,13.0,15.0,15.0,20.0,16.0,16.0,13.0,12.0,11.0,11.0,7.0,8.0,16.0,16.0,15.0,19.0,19.0
은평구,관할 시도내,동(호)수[동(호)수],동(호)수,234.0,203.0,320.0,309.0,291.0,193.0,226.0,281.0,314.0,261.0,247.0,275.0,206.0,262.0,125.0,196.0,96.0,120.0,120.0,192.0,108.0,117.0,84.0,61.0,58.0,30.0,39.0,34.0,89.0,319.0,79.0,94.0,88.0,84.0,110.0,110.0,75.0,78.0,64.0,70.0,81.0,95.0,142.0,125.0,128.0,159.0,174.0,137.0,122.0,88.0,181.0,83.0,140.0,157.0,147.0,160.0,181.0,191.0
은평구,관할 시도내,면적[천㎡],천㎡,14.0,14.0,22.0,18.0,17.0,12.0,13.0,17.0,18.0,16.0,16.0,17.0,12.0,15.0,7.0,9.0,6.0,7.0,7.0,11.0,6.0,11.0,4.0,4.0,3.0,1.0,2.0,2.0,4.0,13.0,6.0,5.0,5.0,5.0,6.0,7.0,5.0,5.0,4.0,4.0,4.0,5.0,9.0,8.0,7.0,11.0,10.0,8.0,7.0,5.0,7.0,5.0,8.0,9.0,9.0,9.0,11.0,12.0
은평구,관할 시도외 서울,동(호)수[동(호)수],동(호)수,0.0,0.0,0.0,0.0,0.0,0.0,0.0,0.0,0.0,0.0,0.0,0.0,0.0,0.0,0.0,0.0,0.0,0.0,0.0,0.0,0.0,0.0,0.0,0.0,0.0,0.0,0.0,0.0,0.0,0.0,0.0,0.0,0.0,0.0,0.0,0.0,0.0,0.0,0.0,0.0,0.0,0.0,0.0,0.0,0.0,0.0,0.0,0.0,0.0,0.0,0.0,0.0,0.0,0.0,0.0,0.0,0.0,0.0
은평구,관할 시도외 서울,면적[천㎡],천㎡,0.0,0.0,0.0,0.0,0.0,0.0,0.0,0.0,0.0,0.0,0.0,0.0,0.0,0.0,0.0,0.0,0.0,0.0,0.0,0.0,0.0,0.0,0.0,0.0,0.0,0.0,0.0,0.0,0.0,0.0,0.0,0.0,0.0,0.0,0.0,0.0,0.0,0.0,0.0,0.0,0.0,0.0,0.0,0.0,0.0,0.0,0.0,0.0,0.0,0.0,0.0,0.0,0.0,0.0,0.0,0.0,0.0,0.0
은평구,관할 시도외 기타,동(호)수[동(호)수],동(호)수,218.0,168.0,319.0,227.0,235.0,171.0,205.0,218.0,293.0,243.0,227.0,179.0,180.0,170.0,119.0,92.0,81.0,86.0,129.0,147.0,124.0,92.0,77.0,66.0,47.0,41.0,98.0,46.0,63.0,93.0,72.0,89.0,83.0,90.0,104.0,84.0,69.0,63.0,60.0,78.0,43.0,77.0,92.0,105.0,110.0,112.0,126.0,98.0,97.0,82.0,78.0,55.0,73.0,119.0,110.0,125.0,213.0,169.0
은평구,관할 시도외 기타,면적[천㎡],천㎡,11.0,11.0,21.0,15.0,14.0,8.0,12.0,12.0,14.0,13.0,12.0,10.0,9.0,10.0,6.0,5.0,4.0,4.0,6.0,7.0,7.0,5.0,4.0,4.0,3.0,2.0,3.0,2.0,4.0,5.0,5.0,5.0,4.0,6.0,6.0,5.0,4.0,4.0,3.0,4.0,3.0,4.0,6.0,6.0,6.0,7.0,8.0,6.0,6.0,7.0,5.0,3.0,5.0,7.0,6.0,8.0,13.0,10.0
서대문구,매입자거주지,동(호)수[동(호)수],동(호)수,374.0,411.0,581.0,350.0,404.0,377.0,393.0,363.0,408.0,336.0,346.0,313.0,301.0,201.0,173.0,123.0,107.0,150.0,170.0,205.0,178.0,131.0,96.0,85.0,104.0,51.0,128.0,89.0,206.0,269.0,180.0,187.0,220.0,185.0,243.0,258.0,169.0,149.0,119.0,131.0,161.0,192.0,337.0,305.0,365.0,556.0,397.0,256.0,262.0,232.0,285.0,265.0,224.0,466.0,397.0,377.0,663.0,423.0
서대문구,매입자거주지,면적[천㎡],천㎡,27.0,29.0,41.0,29.0,31.0,28.0,28.0,27.0,28.0,23.0,25.0,21.0,21.0,14.0,12.0,8.0,7.0,11.0,12.0,14.0,11.0,10.0,6.0,6.0,8.0,4.0,6.0,6.0,11.0,14.0,13.0,13.0,17.0,13.0,19.0,18.0,13.0,12.0,9.0,9.0,11.0,14.0,26.0,21.0,26.0,43.0,29.0,19.0,19.0,16.0,16.0,15.0,15.0,33.0,30.0,28.0,47.0,30.0
서대문구,관할 시군구내,동(호)수[동(호)수],동(호)수,170.0,151.0,190.0,141.0,123.0,138.0,136.0,138.0,153.0,115.0,126.0,95.0,111.0,58.0,47.0,33.0,34.0,44.0,49.0,77.0,44.0,40.0,37.0,41.0,33.0,20.0,24.0,23.0,40.0,61.0,67.0,68.0,75.0,88.0,93.0,108.0,70.0,62.0,44.0,54.0,61.0,76.0,120.0,107.0,127.0,202.0,124.0,98.0,97.0,80.0,78.0,64.0,80.0,152.0,127.0,101.0,226.0,127.0
서대문구,관할 시군구내,면적[천㎡],천㎡,12.0,11.0,14.0,12.0,11.0,11.0,10.0,11.0,10.0,9.0,9.0,6.0,7.0,4.0,3.0,2.0,3.0,3.0,4.0,6.0,3.0,3.0,3.0,4.0,3.0,1.0,1.0,2.0,3.0,5.0,5.0,5.0,7.0,6.0,8.0,8.0,5.0,5.0,3.0,4.0,4.0,5.0,9.0,8.0,9.0,15.0,9.0,7.0,7.0,6.0,5.0,4.0,5.0,11.0,11.0,8.0,17.0,10.0
서대문구,관할 시도내,동(호)수[동(호)수],동(호)수,135.0,176.0,261.0,139.0,179.0,152.0,200.0,149.0,169.0,162.0,136.0,154.0,119.0,97.0,83.0,69.0,49.0,56.0,73.0,69.0,86.0,61.0,35.0,24.0,45.0,21.0,25.0,41.0,134.0,66.0,84.0,71.0,91.0,59.0,94.0,102.0,59.0,45.0,45.0,37.0,55.0,72.0,116.0,125.0,145.0,199.0,159.0,96.0,104.0,95.0,133.0,77.0,85.0,172.0,156.0,158.0,274.0,174.0
서대문구,관할 시도내,면적[천㎡],천㎡,10.0,12.0,18.0,12.0,12.0,12.0,14.0,12.0,13.0,11.0,10.0,10.0,9.0,7.0,6.0,5.0,3.0,4.0,5.0,5.0,5.0,5.0,2.0,2.0,3.0,1.0,2.0,2.0,6.0,4.0,6.0,5.0,6.0,4.0,7.0,7.0,5.0,4.0,4.0,3.0,4.0,5.0,10.0,8.0,10.0,16.0,11.0,8.0,7.0,7.0,6.0,5.0,6.0,12.0,11.0,12.0,19.0,13.0
서대문구,관할 시도외 서울,동(호)수[동(호)수],동(호)수,0.0,0.0,0.0,0.0,0.0,0.0,0.0,0.0,0.0,0.0,0.0,0.0,0.0,0.0,0.0,0.0,0.0,0.0,0.0,0.0,0.0,0.0,0.0,0.0,0.0,0.0,0.0,0.0,0.0,0.0,0.0,0.0,0.0,0.0,0.0,0.0,0.0,0.0,0.0,0.0,0.0,0.0,0.0,0.0,0.0,0.0,0.0,0.0,0.0,0.0,0.0,0.0,0.0,0.0,0.0,0.0,0.0,0.0
서대문구,관할 시도외 서울,면적[천㎡],천㎡,0.0,0.0,0.0,0.0,0.0,0.0,0.0,0.0,0.0,0.0,0.0,0.0,0.0,0.0,0.0,0.0,0.0,0.0,0.0,0.0,0.0,0.0,0.0,0.0,0.0,0.0,0.0,0.0,0.0,0.0,0.0,0.0,0.0,0.0,0.0,0.0,0.0,0.0,0.0,0.0,0.0,0.0,0.0,0.0,0.0,0.0,0.0,0.0,0.0,0.0,0.0,0.0,0.0,0.0,0.0,0.0,0.0,0.0
서대문구,관할 시도외 기타,동(호)수[동(호)수],동(호)수,69.0,84.0,130.0,70.0,102.0,87.0,57.0,76.0,86.0,59.0,84.0,64.0,71.0,46.0,43.0,21.0,24.0,50.0,48.0,59.0,48.0,30.0,24.0,20.0,26.0,10.0,79.0,25.0,32.0,142.0,29.0,48.0,54.0,38.0,56.0,48.0,40.0,42.0,30.0,40.0,45.0,44.0,101.0,73.0,93.0,155.0,114.0,62.0,61.0,57.0,74.0,124.0,59.0,142.0,114.0,118.0,163.0,122.0
서대문구,관할 시도외 기타,면적[천㎡],천㎡,5.0,6.0,8.0,5.0,7.0,6.0,4.0,4.0,6.0,4.0,6.0,5.0,5.0,3.0,3.0,2.0,1.0,4.0,2.0,3.0,3.0,2.0,2.0,1.0,2.0,1.0,3.0,1.0,2.0,5.0,2.0,3.0,4.0,3.0,4.0,3.0,3.0,3.0,2.0,2.0,3.0,3.0,7.0,5.0,7.0,12.0,9.0,4.0,5.0,3.0,5.0,5.0,3.0,10.0,8.0,8.0,12.0,8.0
마포구,매입자거주지,동(호)수[동(호)수],동(호)수,434.0,406.0,583.0,444.0,469.0,365.0,366.0,476.0,398.0,395.0,409.0,425.0,342.0,271.0,286.0,262.0,192.0,253.0,236.0,346.0,288.0,214.0,140.0,135.0,114.0,93.0,77.0,181.0,137.0,193.0,210.0,267.0,281.0,282.0,311.0,296.0,243.0,232.0,164.0,186.0,180.0,260.0,416.0,403.0,448.0,653.0,540.0,355.0,316.0,269.0,222.0,226.0,330.0,690.0,568.0,537.0,919.0,658.0
마포구,매입자거주지,면적[천㎡],천㎡,35.0,31.0,42.0,29.0,31.0,29.0,25.0,35.0,27.0,29.0,30.0,33.0,23.0,20.0,19.0,16.0,12.0,17.0,17.0,22.0,19.0,14.0,10.0,10.0,7.0,5.0,6.0,8.0,8.0,15.0,14.0,22.0,20.0,18.0,19.0,21.0,17.0,17.0,11.0,12.0,12.0,17.0,28.0,28.0,31.0,46.0,36.0,27.0,20.0,18.0,16.0,17.0,24.0,50.0,44.0,38.0,64.0,44.0
마포구,관할 시군구내,동(호)수[동(호)수],동(호)수,160.0,150.0,208.0,139.0,128.0,140.0,118.0,161.0,108.0,108.0,108.0,114.0,109.0,86.0,72.0,62.0,48.0,63.0,67.0,93.0,94.0,52.0,48.0,54.0,39.0,23.0,25.0,31.0,34.0,57.0,71.0,79.0,106.0,91.0,99.0,92.0,92.0,113.0,59.0,62.0,61.0,93.0,123.0,122.0,160.0,209.0,164.0,107.0,119.0,89.0,60.0,78.0,114.0,235.0,209.0,162.0,255.0,179.0
마포구,관할 시군구내,면적[천㎡],천㎡,14.0,12.0,16.0,10.0,9.0,11.0,8.0,12.0,7.0,9.0,9.0,9.0,8.0,7.0,7.0,4.0,4.0,5.0,5.0,8.0,7.0,5.0,4.0,5.0,3.0,1.0,3.0,2.0,2.0,4.0,6.0,7.0,8.0,6.0,6.0,6.0,6.0,8.0,4.0,4.0,5.0,6.0,8.0,9.0,13.0,15.0,12.0,8.0,7.0,7.0,4.0,6.0,9.0,18.0,17.0,13.0,19.0,14.0
마포구,관할 시도내,동(호)수[동(호)수],동(호)수,157.0,159.0,216.0,159.0,216.0,132.0,136.0,185.0,178.0,190.0,174.0,165.0,139.0,115.0,81.0,119.0,78.0,129.0,82.0,169.0,115.0,84.0,48.0,37.0,43.0,46.0,32.0,63.0,65.0,69.0,79.0,115.0,90.0,94.0,120.0,93.0,88.0,68.0,50.0,73.0,69.0,100.0,182.0,176.0,180.0,268.0,200.0,155.0,105.0,85.0,92.0,81.0,128.0,270.0,211.0,224.0,392.0,256.0
마포구,관할 시도내,면적[천㎡],천㎡,13.0,12.0,15.0,11.0,14.0,10.0,9.0,14.0,12.0,14.0,13.0,13.0,9.0,8.0,6.0,7.0,4.0,9.0,6.0,9.0,7.0,5.0,4.0,3.0,3.0,2.0,2.0,3.0,4.0,6.0,5.0,11.0,6.0,6.0,8.0,7.0,6.0,5.0,4.0,5.0,5.0,6.0,12.0,12.0,11.0,19.0,14.0,12.0,7.0,6.0,7.0,6.0,9.0,20.0,16.0,16.0,28.0,16.0
마포구,관할 시도외 서울,동(호)수[동(호)수],동(호)수,0.0,0.0,0.0,0.0,0.0,0.0,0.0,0.0,0.0,0.0,0.0,0.0,0.0,0.0,0.0,0.0,0.0,0.0,0.0,0.0,0.0,0.0,0.0,0.0,0.0,0.0,0.0,0.0,0.0,0.0,0.0,0.0,0.0,0.0,0.0,0.0,0.0,0.0,0.0,0.0,0.0,0.0,0.0,0.0,0.0,0.0,0.0,0.0,0.0,0.0,0.0,0.0,0.0,0.0,0.0,0.0,0.0,0.0
마포구,관할 시도외 서울,면적[천㎡],천㎡,0.0,0.0,0.0,0.0,0.0,0.0,0.0,0.0,0.0,0.0,0.0,0.0,0.0,0.0,0.0,0.0,0.0,0.0,0.0,0.0,0.0,0.0,0.0,0.0,0.0,0.0,0.0,0.0,0.0,0.0,0.0,0.0,0.0,0.0,0.0,0.0,0.0,0.0,0.0,0.0,0.0,0.0,0.0,0.0,0.0,0.0,0.0,0.0,0.0,0.0,0.0,0.0,0.0,0.0,0.0,0.0,0.0,0.0
마포구,관할 시도외 기타,동(호)수[동(호)수],동(호)수,117.0,97.0,159.0,146.0,125.0,93.0,112.0,130.0,112.0,97.0,127.0,146.0,94.0,70.0,133.0,81.0,66.0,61.0,87.0,84.0,79.0,78.0,44.0,44.0,32.0,24.0,20.0,87.0,38.0,67.0,60.0,73.0,85.0,97.0,92.0,111.0,63.0,51.0,55.0,51.0,50.0,67.0,111.0,105.0,108.0,176.0,176.0,93.0,92.0,95.0,70.0,67.0,88.0,185.0,148.0,151.0,272.0,223.0
마포구,관할 시도외 기타,면적[천㎡],천㎡,8.0,7.0,10.0,8.0,8.0,7.0,7.0,8.0,8.0,7.0,8.0,11.0,6.0,6.0,6.0,5.0,4.0,4.0,6.0,4.0,6.0,4.0,3.0,3.0,2.0,1.0,1.0,3.0,2.0,5.0,4.0,4.0,6.0,6.0,5.0,8.0,5.0,4.0,3.0,3.0,3.0,5.0,7.0,7.0,7.0,12.0,10.0,7.0,6.0,6.0,5.0,5.0,6.0,12.0,11.0,10.0,17.0,13.0
양천구,매입자거주지,동(호)수[동(호)수],동(호)수,563.0,537.0,829.0,681.0,722.0,537.0,546.0,633.0,563.0,452.0,440.0,407.0,382.0,483.0,407.0,295.0,192.0,212.0,277.0,332.0,282.0,224.0,153.0,134.0,95.0,131.0,96.0,98.0,170.0,235.0,254.0,271.0,277.0,277.0,290.0,321.0,261.0,233.0,185.0,206.0,245.0,258.0,278.0,382.0,383.0,544.0,628.0,411.0,322.0,319.0,282.0,201.0,320.0,601.0,562.0,582.0,825.0,578.0
양천구,매입자거주지,면적[천㎡],천㎡,32.0,32.0,57.0,46.0,46.0,37.0,37.0,41.0,32.0,29.0,31.0,25.0,21.0,26.0,22.0,16.0,10.0,11.0,15.0,22.0,16.0,12.0,10.0,8.0,5.0,7.0,6.0,7.0,11.0,16.0,16.0,17.0,20.0,20.0,20.0,21.0,18.0,16.0,13.0,14.0,18.0,18.0,19.0,26.0,26.0,39.0,42.0,29.0,21.0,21.0,19.0,12.0,18.0,42.0,40.0,37.0,58.0,38.0
양천구,관할 시군구내,동(호)수[동(호)수],동(호)수,214.0,185.0,297.0,254.0,252.0,208.0,198.0,229.0,186.0,176.0,150.0,159.0,121.0,151.0,120.0,88.0,49.0,65.0,87.0,113.0,102.0,69.0,48.0,47.0,36.0,42.0,38.0,33.0,86.0,95.0,95.0,109.0,125.0,136.0,126.0,143.0,109.0,126.0,98.0,101.0,104.0,116.0,115.0,199.0,192.0,251.0,263.0,190.0,171.0,144.0,123.0,87.0,110.0,241.0,259.0,234.0,352.0,238.0
양천구,관할 시군구내,면적[천㎡],천㎡,13.0,12.0,23.0,19.0,16.0,16.0,14.0,17.0,12.0,12.0,10.0,11.0,7.0,9.0,8.0,6.0,3.0,3.0,4.0,9.0,6.0,4.0,3.0,3.0,2.0,2.0,2.0,2.0,6.0,6.0,7.0,7.0,10.0,10.0,9.0,10.0,8.0,9.0,7.0,7.0,8.0,9.0,8.0,15.0,13.0,19.0,20.0,14.0,12.0,10.0,9.0,5.0,7.0,19.0,20.0,17.0,27.0,17.0
양천구,관할 시도내,동(호)수[동(호)수],동(호)수,174.0,199.0,298.0,213.0,211.0,173.0,189.0,221.0,169.0,133.0,149.0,123.0,128.0,166.0,151.0,91.0,64.0,81.0,114.0,107.0,85.0,72.0,42.0,46.0,28.0,53.0,33.0,39.0,41.0,77.0,71.0,94.0,92.0,89.0,94.0,108.0,81.0,67.0,64.0,59.0,83.0,84.0,97.0,119.0,127.0,178.0,206.0,133.0,90.0,113.0,95.0,68.0,130.0,225.0,198.0,205.0,297.0,202.0
양천구,관할 시도내,면적[천㎡],천㎡,11.0,12.0,22.0,14.0,14.0,12.0,15.0,14.0,11.0,10.0,11.0,8.0,8.0,8.0,7.0,4.0,4.0,5.0,7.0,8.0,5.0,5.0,4.0,3.0,1.0,3.0,2.0,3.0,3.0,5.0,4.0,6.0,6.0,6.0,6.0,7.0,6.0,4.0,5.0,4.0,6.0,6.0,7.0,8.0,9.0,12.0,13.0,10.0,6.0,7.0,6.0,4.0,7.0,15.0,13.0,12.0,21.0,13.0
양천구,관할 시도외 서울,동(호)수[동(호)수],동(호)수,0.0,0.0,0.0,0.0,0.0,0.0,0.0,0.0,0.0,0.0,0.0,0.0,0.0,0.0,0.0,0.0,0.0,0.0,0.0,0.0,0.0,0.0,0.0,0.0,0.0,0.0,0.0,0.0,0.0,0.0,0.0,0.0,0.0,0.0,0.0,0.0,0.0,0.0,0.0,0.0,0.0,0.0,0.0,0.0,0.0,0.0,0.0,0.0,0.0,0.0,0.0,0.0,0.0,0.0,0.0,0.0,0.0,0.0
양천구,관할 시도외 서울,면적[천㎡],천㎡,0.0,0.0,0.0,0.0,0.0,0.0,0.0,0.0,0.0,0.0,0.0,0.0,0.0,0.0,0.0,0.0,0.0,0.0,0.0,0.0,0.0,0.0,0.0,0.0,0.0,0.0,0.0,0.0,0.0,0.0,0.0,0.0,0.0,0.0,0.0,0.0,0.0,0.0,0.0,0.0,0.0,0.0,0.0,0.0,0.0,0.0,0.0,0.0,0.0,0.0,0.0,0.0,0.0,0.0,0.0,0.0,0.0,0.0
양천구,관할 시도외 기타,동(호)수[동(호)수],동(호)수,175.0,153.0,234.0,214.0,259.0,156.0,159.0,183.0,208.0,143.0,141.0,125.0,133.0,166.0,136.0,116.0,79.0,66.0,76.0,112.0,95.0,83.0,63.0,41.0,31.0,36.0,25.0,26.0,43.0,63.0,88.0,68.0,60.0,52.0,70.0,70.0,71.0,40.0,23.0,46.0,58.0,58.0,66.0,64.0,64.0,115.0,159.0,88.0,61.0,62.0,64.0,46.0,80.0,135.0,105.0,143.0,176.0,138.0
양천구,관할 시도외 기타,면적[천㎡],천㎡,8.0,8.0,12.0,12.0,16.0,9.0,8.0,9.0,10.0,7.0,9.0,6.0,6.0,9.0,7.0,6.0,3.0,3.0,4.0,6.0,4.0,4.0,3.0,3.0,1.0,2.0,1.0,2.0,3.0,5.0,5.0,4.0,4.0,3.0,5.0,4.0,4.0,2.0,1.0,3.0,4.0,3.0,4.0,3.0,4.0,7.0,8.0,6.0,3.0,3.0,4.0,3.0,4.0,8.0,7.0,8.0,11.0,8.0
강서구,매입자거주지,동(호)수[동(호)수],동(호)수,788.0,672.0,1026.0,855.0,836.0,842.0,855.0,893.0,972.0,889.0,837.0,723.0,596.0,769.0,516.0,417.0,422.0,556.0,638.0,674.0,569.0,422.0,349.0,259.0,209.0,187.0,161.0,192.0,231.0,377.0,360.0,385.0,432.0,333.0,406.0,379.0,384.0,360.0,336.0,354.0,317.0,396.0,509.0,533.0,546.0,654.0,613.0,442.0,456.0,430.0,384.0,307.0,383.0,680.0,656.0,712.0,918.0,741.0
강서구,매입자거주지,면적[천㎡],천㎡,47.0,42.0,71.0,55.0,50.0,48.0,51.0,52.0,55.0,55.0,52.0,43.0,37.0,44.0,29.0,24.0,21.0,28.0,34.0,35.0,36.0,24.0,19.0,15.0,11.0,10.0,9.0,12.0,13.0,21.0,20.0,22.0,25.0,19.0,23.0,22.0,22.0,21.0,19.0,19.0,19.0,21.0,31.0,31.0,32.0,43.0,39.0,27.0,27.0,24.0,22.0,18.0,22.0,39.0,40.0,40.0,58.0,45.0
강서구,관할 시군구내,동(호)수[동(호)수],동(호)수,326.0,246.0,405.0,317.0,347.0,289.0,348.0,324.0,384.0,315.0,303.0,251.0,209.0,375.0,195.0,112.0,124.0,171.0,211.0,207.0,186.0,127.0,103.0,79.0,61.0,71.0,69.0,82.0,87.0,177.0,150.0,165.0,215.0,138.0,181.0,176.0,180.0,159.0,148.0,139.0,159.0,190.0,268.0,272.0,256.0,336.0,307.0,237.0,222.0,208.0,198.0,146.0,205.0,340.0,347.0,300.0,437.0,335.0
강서구,관할 시군구내,면적[천㎡],천㎡,21.0,18.0,33.0,23.0,23.0,20.0,23.0,22.0,24.0,22.0,20.0,16.0,13.0,23.0,13.0,7.0,7.0,11.0,14.0,12.0,14.0,8.0,7.0,5.0,4.0,4.0,5.0,5.0,5.0,11.0,10.0,11.0,14.0,9.0,12.0,12.0,11.0,11.0,10.0,8.0,10.0,11.0,17.0,18.0,16.0,24.0,21.0,16.0,13.0,13.0,12.0,9.0,12.0,21.0,22.0,19.0,29.0,23.0
강서구,관할 시도내,동(호)수[동(호)수],동(호)수,208.0,198.0,308.0,266.0,224.0,243.0,255.0,236.0,261.0,277.0,249.0,213.0,175.0,156.0,157.0,117.0,150.0,177.0,212.0,223.0,189.0,115.0,102.0,75.0,52.0,47.0,33.0,45.0,67.0,94.0,79.0,99.0,109.0,91.0,118.0,103.0,104.0,89.0,78.0,81.0,72.0,107.0,103.0,131.0,135.0,184.0,170.0,118.0,93.0,123.0,95.0,87.0,84.0,194.0,181.0,254.0,259.0,235.0
강서구,관할 시도내,면적[천㎡],천㎡,13.0,12.0,21.0,17.0,14.0,13.0,16.0,14.0,15.0,17.0,15.0,13.0,11.0,9.0,9.0,5.0,8.0,8.0,11.0,11.0,11.0,6.0,6.0,4.0,3.0,3.0,2.0,2.0,4.0,5.0,5.0,5.0,6.0,5.0,6.0,5.0,6.0,4.0,4.0,4.0,4.0,5.0,7.0,6.0,8.0,11.0,10.0,7.0,5.0,6.0,6.0,5.0,5.0,10.0,12.0,11.0,15.0,12.0
강서구,관할 시도외 서울,동(호)수[동(호)수],동(호)수,0.0,0.0,0.0,0.0,0.0,0.0,0.0,0.0,0.0,0.0,0.0,0.0,0.0,0.0,0.0,0.0,0.0,0.0,0.0,0.0,0.0,0.0,0.0,0.0,0.0,0.0,0.0,0.0,0.0,0.0,0.0,0.0,0.0,0.0,0.0,0.0,0.0,0.0,0.0,0.0,0.0,0.0,0.0,0.0,0.0,0.0,0.0,0.0,0.0,0.0,0.0,0.0,0.0,0.0,0.0,0.0,0.0,0.0
강서구,관할 시도외 서울,면적[천㎡],천㎡,0.0,0.0,0.0,0.0,0.0,0.0,0.0,0.0,0.0,0.0,0.0,0.0,0.0,0.0,0.0,0.0,0.0,0.0,0.0,0.0,0.0,0.0,0.0,0.0,0.0,0.0,0.0,0.0,0.0,0.0,0.0,0.0,0.0,0.0,0.0,0.0,0.0,0.0,0.0,0.0,0.0,0.0,0.0,0.0,0.0,0.0,0.0,0.0,0.0,0.0,0.0,0.0,0.0,0.0,0.0,0.0,0.0,0.0
강서구,관할 시도외 기타,동(호)수[동(호)수],동(호)수,254.0,228.0,313.0,272.0,265.0,310.0,252.0,333.0,327.0,297.0,285.0,259.0,212.0,238.0,164.0,188.0,148.0,208.0,215.0,244.0,194.0,180.0,144.0,105.0,96.0,69.0,59.0,65.0,77.0,106.0,131.0,121.0,108.0,104.0,107.0,100.0,100.0,112.0,110.0,134.0,86.0,99.0,138.0,130.0,155.0,134.0,136.0,87.0,141.0,99.0,91.0,74.0,94.0,146.0,128.0,158.0,222.0,171.0
강서구,관할 시도외 기타,면적[천㎡],천㎡,13.0,11.0,18.0,15.0,12.0,15.0,12.0,17.0,16.0,16.0,17.0,14.0,12.0,11.0,7.0,11.0,6.0,9.0,9.0,12.0,11.0,10.0,7.0,6.0,5.0,3.0,3.0,5.0,4.0,6.0,5.0,6.0,5.0,5.0,5.0,5.0,4.0,5.0,5.0,6.0,5.0,5.0,7.0,7.0,8.0,8.0,8.0,5.0,8.0,6.0,5.0,4.0,5.0,8.0,7.0,9.0,14.0,10.0
구로구,매입자거주지,동(호)수[동(호)수],동(호)수,492.0,673.0,819.0,537.0,536.0,513.0,540.0,634.0,712.0,558.0,595.0,586.0,371.0,312.0,331.0,317.0,206.0,305.0,361.0,426.0,321.0,251.0,187.0,151.0,261.0,113.0,139.0,109.0,181.0,239.0,219.0,289.0,228.0,250.0,229.0,250.0,250.0,251.0,158.0,241.0,252.0,277.0,330.0,328.0,327.0,398.0,374.0,274.0,286.0,252.0,200.0,203.0,251.0,473.0,400.0,584.0,747.0,433.0
구로구,매입자거주지,면적[천㎡],천㎡,31.0,37.0,55.0,34.0,36.0,34.0,36.0,39.0,40.0,34.0,36.0,33.0,23.0,23.0,20.0,16.0,10.0,18.0,23.0,26.0,20.0,14.0,9.0,9.0,13.0,6.0,8.0,5.0,10.0,15.0,14.0,17.0,15.0,16.0,16.0,17.0,15.0,15.0,10.0,15.0,16.0,17.0,22.0,21.0,22.0,27.0,25.0,18.0,18.0,16.0,16.0,13.0,16.0,31.0,29.0,31.0,43.0,30.0
구로구,관할 시군구내,동(호)수[동(호)수],동(호)수,180.0,153.0,269.0,152.0,157.0,182.0,168.0,210.0,154.0,168.0,178.0,140.0,99.0,99.0,76.0,52.0,65.0,83.0,97.0,116.0,83.0,76.0,43.0,49.0,36.0,64.0,36.0,34.0,53.0,93.0,90.0,96.0,94.0,98.0,98.0,106.0,107.0,90.0,72.0,107.0,111.0,140.0,149.0,155.0,153.0,173.0,161.0,121.0,120.0,104.0,82.0,76.0,124.0,232.0,185.0,186.0,253.0,185.0
구로구,관할 시군구내,면적[천㎡],천㎡,13.0,11.0,20.0,12.0,11.0,14.0,13.0,14.0,11.0,12.0,11.0,10.0,7.0,8.0,5.0,3.0,4.0,5.0,6.0,8.0,6.0,5.0,3.0,3.0,2.0,4.0,2.0,2.0,3.0,6.0,6.0,6.0,6.0,8.0,8.0,8.0,7.0,6.0,5.0,7.0,7.0,9.0,11.0,11.0,10.0,13.0,11.0,8.0,8.0,7.0,6.0,5.0,8.0,16.0,16.0,13.0,19.0,14.0
구로구,관할 시도내,동(호)수[동(호)수],동(호)수,142.0,214.0,283.0,191.0,199.0,191.0,188.0,230.0,343.0,206.0,221.0,299.0,135.0,99.0,141.0,183.0,72.0,133.0,169.0,190.0,155.0,90.0,84.0,61.0,178.0,15.0,61.0,42.0,79.0,77.0,63.0,74.0,76.0,91.0,70.0,96.0,92.0,108.0,36.0,80.0,78.0,75.0,86.0,92.0,102.0,120.0,115.0,94.0,98.0,68.0,59.0,82.0,77.0,144.0,121.0,304.0,374.0,142.0
구로구,관할 시도내,면적[천㎡],천㎡,9.0,12.0,19.0,11.0,14.0,12.0,14.0,14.0,18.0,13.0,13.0,15.0,9.0,9.0,8.0,10.0,4.0,9.0,13.0,12.0,9.0,4.0,3.0,4.0,9.0,1.0,3.0,2.0,4.0,5.0,4.0,5.0,6.0,5.0,5.0,6.0,6.0,6.0,2.0,5.0,5.0,5.0,6.0,6.0,7.0,8.0,8.0,6.0,6.0,4.0,4.0,5.0,5.0,10.0,8.0,12.0,17.0,10.0
구로구,관할 시도외 서울,동(호)수[동(호)수],동(호)수,0.0,0.0,0.0,0.0,0.0,0.0,0.0,0.0,0.0,0.0,0.0,0.0,0.0,0.0,0.0,0.0,0.0,0.0,0.0,0.0,0.0,0.0,0.0,0.0,0.0,0.0,0.0,0.0,0.0,0.0,0.0,0.0,0.0,0.0,0.0,0.0,0.0,0.0,0.0,0.0,0.0,0.0,0.0,0.0,0.0,0.0,0.0,0.0,0.0,0.0,0.0,0.0,0.0,0.0,0.0,0.0,0.0,0.0
구로구,관할 시도외 서울,면적[천㎡],천㎡,0.0,0.0,0.0,0.0,0.0,0.0,0.0,0.0,0.0,0.0,0.0,0.0,0.0,0.0,0.0,0.0,0.0,0.0,0.0,0.0,0.0,0.0,0.0,0.0,0.0,0.0,0.0,0.0,0.0,0.0,0.0,0.0,0.0,0.0,0.0,0.0,0.0,0.0,0.0,0.0,0.0,0.0,0.0,0.0,0.0,0.0,0.0,0.0,0.0,0.0,0.0,0.0,0.0,0.0,0.0,0.0,0.0,0.0
구로구,관할 시도외 기타,동(호)수[동(호)수],동(호)수,170.0,306.0,267.0,194.0,180.0,140.0,184.0,194.0,215.0,184.0,196.0,147.0,137.0,114.0,114.0,82.0,69.0,89.0,95.0,120.0,83.0,85.0,60.0,41.0,47.0,34.0,42.0,33.0,49.0,69.0,66.0,119.0,58.0,61.0,61.0,48.0,51.0,53.0,50.0,54.0,63.0,62.0,95.0,81.0,72.0,105.0,98.0,59.0,68.0,80.0,59.0,45.0,50.0,97.0,94.0,94.0,120.0,106.0
구로구,관할 시도외 기타,면적[천㎡],천㎡,9.0,14.0,16.0,11.0,11.0,8.0,10.0,11.0,11.0,10.0,11.0,8.0,7.0,6.0,7.0,3.0,3.0,5.0,5.0,6.0,5.0,4.0,4.0,2.0,3.0,2.0,3.0,1.0,2.0,4.0,4.0,6.0,3.0,3.0,3.0,3.0,3.0,3.0,3.0,3.0,4.0,3.0,6.0,4.0,5.0,7.0,6.0,3.0,4.0,5.0,5.0,3.0,3.0,6.0,6.0,5.0,7.0,6.0
금천구,매입자거주지,동(호)수[동(호)수],동(호)수,274.0,244.0,487.0,253.0,318.0,358.0,320.0,381.0,301.0,335.0,477.0,324.0,320.0,290.0,194.0,145.0,149.0,220.0,264.0,258.0,192.0,188.0,163.0,164.0,107.0,200.0,102.0,91.0,62.0,172.0,95.0,158.0,142.0,143.0,161.0,140.0,125.0,129.0,103.0,152.0,134.0,155.0,135.0,188.0,143.0,224.0,189.0,144.0,133.0,106.0,125.0,168.0,120.0,173.0,169.0,165.0,265.0,207.0
금천구,매입자거주지,면적[천㎡],천㎡,20.0,16.0,28.0,17.0,22.0,27.0,22.0,25.0,24.0,22.0,36.0,24.0,20.0,18.0,13.0,9.0,8.0,14.0,18.0,16.0,11.0,13.0,10.0,9.0,8.0,9.0,5.0,6.0,3.0,11.0,5.0,9.0,9.0,9.0,10.0,10.0,8.0,9.0,6.0,9.0,8.0,9.0,8.0,11.0,9.0,14.0,11.0,8.0,7.0,6.0,7.0,9.0,7.0,11.0,10.0,10.0,15.0,13.0
금천구,관할 시군구내,동(호)수[동(호)수],동(호)수,79.0,87.0,117.0,83.0,118.0,154.0,121.0,143.0,117.0,121.0,286.0,110.0,77.0,76.0,42.0,41.0,41.0,61.0,78.0,74.0,61.0,61.0,47.0,35.0,29.0,25.0,36.0,26.0,29.0,86.0,39.0,69.0,69.0,68.0,82.0,74.0,74.0,67.0,40.0,68.0,78.0,80.0,80.0,92.0,79.0,107.0,85.0,60.0,72.0,54.0,58.0,44.0,59.0,87.0,79.0,81.0,131.0,93.0
금천구,관할 시군구내,면적[천㎡],천㎡,5.0,6.0,8.0,6.0,9.0,11.0,9.0,10.0,9.0,10.0,25.0,9.0,6.0,6.0,3.0,3.0,3.0,4.0,7.0,5.0,3.0,4.0,4.0,2.0,3.0,2.0,3.0,1.0,2.0,6.0,2.0,5.0,4.0,5.0,5.0,5.0,4.0,5.0,2.0,5.0,5.0,5.0,5.0,5.0,5.0,7.0,5.0,4.0,4.0,3.0,3.0,3.0,3.0,5.0,5.0,5.0,8.0,5.0
금천구,관할 시도내,동(호)수[동(호)수],동(호)수,130.0,122.0,286.0,106.0,126.0,134.0,120.0,129.0,97.0,124.0,98.0,132.0,132.0,111.0,77.0,49.0,63.0,57.0,91.0,98.0,58.0,44.0,65.0,60.0,48.0,152.0,27.0,31.0,16.0,44.0,27.0,66.0,43.0,40.0,42.0,37.0,32.0,32.0,40.0,56.0,27.0,36.0,31.0,58.0,37.0,56.0,55.0,34.0,34.0,26.0,35.0,98.0,28.0,50.0,48.0,49.0,91.0,63.0
금천구,관할 시도내,면적[천㎡],천㎡,10.0,7.0,15.0,7.0,9.0,10.0,8.0,9.0,9.0,8.0,7.0,9.0,8.0,7.0,6.0,3.0,3.0,5.0,6.0,7.0,4.0,4.0,3.0,4.0,3.0,5.0,1.0,3.0,1.0,3.0,1.0,3.0,3.0,2.0,3.0,3.0,3.0,3.0,2.0,3.0,1.0,2.0,2.0,3.0,2.0,3.0,3.0,2.0,2.0,2.0,2.0,5.0,2.0,3.0,3.0,3.0,4.0,4.0
금천구,관할 시도외 서울,동(호)수[동(호)수],동(호)수,0.0,0.0,0.0,0.0,0.0,0.0,0.0,0.0,0.0,0.0,0.0,0.0,0.0,0.0,0.0,0.0,0.0,0.0,0.0,0.0,0.0,0.0,0.0,0.0,0.0,0.0,0.0,0.0,0.0,0.0,0.0,0.0,0.0,0.0,0.0,0.0,0.0,0.0,0.0,0.0,0.0,0.0,0.0,0.0,0.0,0.0,0.0,0.0,0.0,0.0,0.0,0.0,0.0,0.0,0.0,0.0,0.0,0.0
금천구,관할 시도외 서울,면적[천㎡],천㎡,0.0,0.0,0.0,0.0,0.0,0.0,0.0,0.0,0.0,0.0,0.0,0.0,0.0,0.0,0.0,0.0,0.0,0.0,0.0,0.0,0.0,0.0,0.0,0.0,0.0,0.0,0.0,0.0,0.0,0.0,0.0,0.0,0.0,0.0,0.0,0.0,0.0,0.0,0.0,0.0,0.0,0.0,0.0,0.0,0.0,0.0,0.0,0.0,0.0,0.0,0.0,0.0,0.0,0.0,0.0,0.0,0.0,0.0
금천구,관할 시도외 기타,동(호)수[동(호)수],동(호)수,65.0,35.0,84.0,64.0,74.0,70.0,79.0,109.0,87.0,90.0,93.0,82.0,111.0,103.0,75.0,55.0,45.0,102.0,95.0,86.0,73.0,83.0,51.0,69.0,30.0,23.0,39.0,34.0,17.0,42.0,29.0,23.0,30.0,35.0,37.0,29.0,19.0,30.0,23.0,28.0,29.0,39.0,24.0,38.0,27.0,61.0,49.0,50.0,27.0,26.0,32.0,26.0,33.0,36.0,42.0,35.0,43.0,51.0
금천구,관할 시도외 기타,면적[천㎡],천㎡,5.0,3.0,5.0,4.0,5.0,6.0,6.0,6.0,6.0,5.0,5.0,6.0,6.0,5.0,4.0,2.0,2.0,5.0,5.0,4.0,3.0,5.0,3.0,3.0,2.0,1.0,2.0,1.0,1.0,3.0,1.0,1.0,1.0,2.0,2.0,2.0,1.0,2.0,1.0,2.0,2.0,2.0,1.0,2.0,1.0,4.0,3.0,3.0,1.0,1.0,2.0,1.0,2.0,2.0,2.0,2.0,2.0,3.0
영등포구,매입자거주지,동(호)수[동(호)수],동(호)수,327.0,285.0,567.0,399.0,415.0,293.0,305.0,404.0,322.0,278.0,346.0,305.0,205.0,213.0,152.0,156.0,133.0,150.0,150.0,229.0,205.0,113.0,115.0,92.0,137.0,63.0,172.0,54.0,133.0,232.0,235.0,360.0,267.0,358.0,297.0,277.0,204.0,208.0,177.0,190.0,163.0,254.0,346.0,382.0,404.0,556.0,499.0,341.0,322.0,255.0,260.0,247.0,293.0,586.0,534.0,551.0,740.0,635.0
영등포구,매입자거주지,면적[천㎡],천㎡,25.0,23.0,39.0,35.0,31.0,24.0,24.0,28.0,22.0,21.0,25.0,21.0,13.0,14.0,12.0,8.0,9.0,10.0,12.0,17.0,12.0,11.0,8.0,6.0,5.0,5.0,9.0,3.0,8.0,16.0,17.0,23.0,22.0,20.0,20.0,20.0,16.0,14.0,12.0,12.0,13.0,17.0,27.0,30.0,28.0,43.0,39.0,25.0,25.0,19.0,18.0,16.0,21.0,46.0,40.0,41.0,56.0,48.0
영등포구,관할 시군구내,동(호)수[동(호)수],동(호)수,133.0,117.0,186.0,138.0,141.0,96.0,122.0,122.0,106.0,88.0,118.0,74.0,61.0,59.0,52.0,62.0,41.0,41.0,45.0,70.0,46.0,40.0,24.0,25.0,52.0,20.0,36.0,17.0,50.0,106.0,99.0,93.0,102.0,204.0,101.0,85.0,82.0,76.0,80.0,65.0,74.0,86.0,135.0,155.0,168.0,198.0,191.0,131.0,117.0,95.0,81.0,68.0,93.0,212.0,166.0,183.0,249.0,205.0
영등포구,관할 시군구내,면적[천㎡],천㎡,11.0,10.0,16.0,11.0,10.0,9.0,11.0,11.0,7.0,7.0,9.0,6.0,5.0,5.0,5.0,4.0,3.0,3.0,4.0,6.0,4.0,4.0,2.0,2.0,2.0,2.0,3.0,1.0,3.0,8.0,7.0,8.0,8.0,10.0,7.0,7.0,8.0,6.0,6.0,5.0,6.0,7.0,12.0,12.0,12.0,16.0,17.0,10.0,9.0,7.0,7.0,5.0,7.0,18.0,13.0,14.0,19.0,18.0
영등포구,관할 시도내,동(호)수[동(호)수],동(호)수,99.0,107.0,201.0,154.0,161.0,104.0,104.0,179.0,121.0,134.0,159.0,140.0,83.0,85.0,49.0,33.0,53.0,62.0,60.0,88.0,57.0,41.0,36.0,39.0,52.0,29.0,87.0,16.0,52.0,67.0,84.0,89.0,106.0,97.0,119.0,105.0,71.0,73.0,62.0,80.0,55.0,102.0,115.0,146.0,129.0,220.0,178.0,126.0,121.0,100.0,113.0,80.0,111.0,236.0,238.0,203.0,298.0,243.0
영등포구,관할 시도내,면적[천㎡],천㎡,8.0,9.0,14.0,15.0,14.0,9.0,9.0,12.0,9.0,11.0,12.0,10.0,5.0,6.0,4.0,3.0,4.0,5.0,5.0,6.0,3.0,4.0,3.0,2.0,2.0,2.0,3.0,1.0,3.0,4.0,6.0,6.0,9.0,6.0,8.0,8.0,5.0,6.0,3.0,5.0,5.0,6.0,9.0,12.0,10.0,17.0,13.0,10.0,10.0,8.0,7.0,6.0,8.0,18.0,19.0,16.0,23.0,18.0
영등포구,관할 시도외 서울,동(호)수[동(호)수],동(호)수,0.0,0.0,0.0,0.0,0.0,0.0,0.0,0.0,0.0,0.0,0.0,0.0,0.0,0.0,0.0,0.0,0.0,0.0,0.0,0.0,0.0,0.0,0.0,0.0,0.0,0.0,0.0,0.0,0.0,0.0,0.0,0.0,0.0,0.0,0.0,0.0,0.0,0.0,0.0,0.0,0.0,0.0,0.0,0.0,0.0,0.0,0.0,0.0,0.0,0.0,0.0,0.0,0.0,0.0,0.0,0.0,0.0,0.0
영등포구,관할 시도외 서울,면적[천㎡],천㎡,0.0,0.0,0.0,0.0,0.0,0.0,0.0,0.0,0.0,0.0,0.0,0.0,0.0,0.0,0.0,0.0,0.0,0.0,0.0,0.0,0.0,0.0,0.0,0.0,0.0,0.0,0.0,0.0,0.0,0.0,0.0,0.0,0.0,0.0,0.0,0.0,0.0,0.0,0.0,0.0,0.0,0.0,0.0,0.0,0.0,0.0,0.0,0.0,0.0,0.0,0.0,0.0,0.0,0.0,0.0,0.0,0.0,0.0
영등포구,관할 시도외 기타,동(호)수[동(호)수],동(호)수,95.0,61.0,180.0,107.0,113.0,93.0,79.0,103.0,95.0,56.0,69.0,91.0,61.0,69.0,51.0,61.0,39.0,47.0,45.0,71.0,102.0,32.0,55.0,28.0,33.0,14.0,49.0,21.0,31.0,59.0,52.0,178.0,59.0,57.0,77.0,87.0,51.0,59.0,35.0,45.0,34.0,66.0,96.0,81.0,107.0,138.0,130.0,84.0,84.0,60.0,66.0,99.0,89.0,138.0,130.0,165.0,193.0,187.0
영등포구,관할 시도외 기타,면적[천㎡],천㎡,6.0,4.0,9.0,9.0,7.0,6.0,4.0,6.0,6.0,3.0,4.0,5.0,4.0,3.0,3.0,2.0,2.0,2.0,3.0,6.0,5.0,3.0,3.0,2.0,1.0,1.0,3.0,1.0,2.0,4.0,4.0,10.0,4.0,4.0,5.0,5.0,3.0,3.0,3.0,3.0,3.0,5.0,6.0,6.0,7.0,10.0,9.0,6.0,6.0,4.0,4.0,6.0,6.0,10.0,8.0,11.0,13.0,12.0
동작구,매입자거주지,동(호)수[동(호)수],동(호)수,435.0,397.0,554.0,471.0,476.0,408.0,419.0,579.0,590.0,501.0,510.0,352.0,276.0,260.0,231.0,174.0,138.0,184.0,252.0,283.0,358.0,157.0,119.0,145.0,126.0,106.0,105.0,121.0,142.0,263.0,195.0,253.0,252.0,267.0,313.0,321.0,242.0,226.0,172.0,258.0,250.0,274.0,381.0,330.0,414.0,646.0,536.0,354.0,326.0,274.0,270.0,236.0,357.0,739.0,678.0,670.0,982.0,661.0
동작구,매입자거주지,면적[천㎡],천㎡,35.0,32.0,43.0,37.0,36.0,31.0,29.0,45.0,46.0,41.0,33.0,27.0,23.0,19.0,15.0,13.0,10.0,11.0,20.0,23.0,18.0,13.0,10.0,10.0,8.0,7.0,8.0,7.0,10.0,19.0,15.0,17.0,17.0,19.0,22.0,22.0,16.0,15.0,12.0,17.0,17.0,20.0,27.0,25.0,32.0,48.0,42.0,27.0,24.0,18.0,19.0,17.0,27.0,56.0,52.0,48.0,79.0,50.0
동작구,관할 시군구내,동(호)수[동(호)수],동(호)수,209.0,167.0,222.0,173.0,155.0,143.0,184.0,186.0,321.0,176.0,259.0,140.0,92.0,86.0,78.0,47.0,55.0,64.0,89.0,99.0,91.0,60.0,51.0,47.0,49.0,45.0,41.0,51.0,48.0,84.0,75.0,78.0,91.0,83.0,111.0,102.0,74.0,94.0,61.0,81.0,92.0,106.0,126.0,97.0,141.0,192.0,164.0,117.0,104.0,91.0,89.0,71.0,96.0,215.0,201.0,224.0,302.0,228.0
동작구,관할 시군구내,면적[천㎡],천㎡,18.0,15.0,18.0,14.0,12.0,11.0,13.0,19.0,27.0,15.0,14.0,11.0,8.0,6.0,5.0,4.0,4.0,4.0,7.0,9.0,8.0,5.0,3.0,3.0,4.0,3.0,3.0,4.0,3.0,7.0,5.0,5.0,6.0,6.0,8.0,8.0,5.0,6.0,4.0,5.0,6.0,7.0,8.0,8.0,11.0,15.0,13.0,10.0,7.0,7.0,7.0,5.0,7.0,16.0,17.0,15.0,26.0,20.0
동작구,관할 시도내,동(호)수[동(호)수],동(호)수,159.0,150.0,212.0,176.0,196.0,190.0,152.0,268.0,168.0,216.0,158.0,117.0,112.0,112.0,89.0,67.0,46.0,79.0,104.0,110.0,69.0,52.0,38.0,48.0,54.0,24.0,44.0,47.0,43.0,113.0,64.0,101.0,87.0,98.0,110.0,133.0,98.0,80.0,57.0,110.0,106.0,104.0,166.0,148.0,157.0,270.0,230.0,129.0,128.0,89.0,121.0,100.0,171.0,308.0,310.0,270.0,410.0,263.0
동작구,관할 시도내,면적[천㎡],천㎡,12.0,11.0,17.0,14.0,15.0,14.0,11.0,18.0,13.0,19.0,12.0,10.0,11.0,8.0,6.0,5.0,4.0,4.0,8.0,9.0,5.0,5.0,5.0,3.0,3.0,2.0,3.0,3.0,4.0,8.0,5.0,8.0,6.0,8.0,7.0,8.0,7.0,6.0,5.0,7.0,8.0,9.0,12.0,11.0,12.0,21.0,18.0,10.0,9.0,6.0,8.0,8.0,14.0,23.0,22.0,20.0,31.0,19.0
동작구,관할 시도외 서울,동(호)수[동(호)수],동(호)수,0.0,0.0,0.0,0.0,0.0,0.0,0.0,0.0,0.0,0.0,0.0,0.0,0.0,0.0,0.0,0.0,0.0,0.0,0.0,0.0,0.0,0.0,0.0,0.0,0.0,0.0,0.0,0.0,0.0,0.0,0.0,0.0,0.0,0.0,0.0,0.0,0.0,0.0,0.0,0.0,0.0,0.0,0.0,0.0,0.0,0.0,0.0,0.0,0.0,0.0,0.0,0.0,0.0,0.0,0.0,0.0,0.0,0.0
동작구,관할 시도외 서울,면적[천㎡],천㎡,0.0,0.0,0.0,0.0,0.0,0.0,0.0,0.0,0.0,0.0,0.0,0.0,0.0,0.0,0.0,0.0,0.0,0.0,0.0,0.0,0.0,0.0,0.0,0.0,0.0,0.0,0.0,0.0,0.0,0.0,0.0,0.0,0.0,0.0,0.0,0.0,0.0,0.0,0.0,0.0,0.0,0.0,0.0,0.0,0.0,0.0,0.0,0.0,0.0,0.0,0.0,0.0,0.0,0.0,0.0,0.0,0.0,0.0
동작구,관할 시도외 기타,동(호)수[동(호)수],동(호)수,67.0,80.0,120.0,122.0,125.0,75.0,83.0,125.0,101.0,109.0,93.0,95.0,72.0,62.0,64.0,60.0,37.0,41.0,59.0,74.0,198.0,45.0,30.0,50.0,23.0,37.0,20.0,23.0,51.0,66.0,56.0,74.0,74.0,86.0,92.0,86.0,70.0,52.0,54.0,67.0,52.0,64.0,89.0,85.0,116.0,184.0,142.0,108.0,94.0,94.0,60.0,65.0,90.0,216.0,167.0,176.0,270.0,170.0
동작구,관할 시도외 기타,면적[천㎡],천㎡,5.0,6.0,8.0,9.0,8.0,6.0,5.0,8.0,6.0,7.0,7.0,6.0,5.0,5.0,4.0,4.0,2.0,3.0,5.0,5.0,5.0,3.0,2.0,4.0,1.0,2.0,2.0,1.0,3.0,4.0,4.0,4.0,4.0,5.0,6.0,6.0,4.0,3.0,4.0,4.0,3.0,4.0,7.0,5.0,9.0,12.0,12.0,7.0,8.0,6.0,4.0,4.0,7.0,17.0,13.0,13.0,22.0,11.0
관악구,매입자거주지,동(호)수[동(호)수],동(호)수,407.0,380.0,523.0,442.0,490.0,480.0,520.0,583.0,416.0,497.0,484.0,465.0,382.0,333.0,294.0,214.0,238.0,245.0,283.0,472.0,310.0,250.0,188.0,145.0,138.0,111.0,83.0,87.0,154.0,200.0,212.0,235.0,481.0,231.0,239.0,248.0,253.0,190.0,202.0,182.0,166.0,222.0,307.0,297.0,320.0,444.0,334.0,275.0,248.0,282.0,260.0,154.0,296.0,385.0,400.0,431.0,515.0,368.0
관악구,매입자거주지,면적[천㎡],천㎡,33.0,30.0,41.0,37.0,39.0,41.0,39.0,43.0,37.0,37.0,38.0,39.0,31.0,27.0,19.0,19.0,20.0,18.0,24.0,37.0,25.0,22.0,17.0,15.0,10.0,8.0,5.0,7.0,10.0,16.0,13.0,18.0,31.0,16.0,18.0,21.0,17.0,14.0,13.0,12.0,12.0,16.0,23.0,23.0,27.0,35.0,25.0,23.0,17.0,21.0,17.0,12.0,21.0,30.0,32.0,34.0,37.0,30.0
관악구,관할 시군구내,동(호)수[동(호)수],동(호)수,185.0,167.0,219.0,198.0,180.0,212.0,208.0,217.0,177.0,184.0,164.0,173.0,152.0,121.0,91.0,83.0,82.0,88.0,120.0,152.0,116.0,115.0,53.0,64.0,55.0,47.0,20.0,40.0,44.0,83.0,95.0,92.0,141.0,98.0,120.0,103.0,116.0,88.0,68.0,71.0,79.0,113.0,161.0,137.0,132.0,205.0,163.0,115.0,119.0,104.0,97.0,67.0,123.0,162.0,167.0,198.0,225.0,151.0
관악구,관할 시군구내,면적[천㎡],천㎡,15.0,15.0,17.0,17.0,16.0,20.0,17.0,18.0,16.0,15.0,13.0,16.0,12.0,10.0,7.0,8.0,7.0,6.0,10.0,12.0,11.0,10.0,4.0,6.0,4.0,4.0,1.0,4.0,3.0,7.0,6.0,6.0,11.0,7.0,9.0,9.0,8.0,7.0,4.0,5.0,6.0,8.0,11.0,9.0,11.0,15.0,11.0,8.0,7.0,7.0,6.0,5.0,9.0,13.0,12.0,14.0,15.0,12.0
관악구,관할 시도내,동(호)수[동(호)수],동(호)수,132.0,139.0,177.0,137.0,156.0,142.0,117.0,161.0,114.0,180.0,174.0,169.0,115.0,101.0,74.0,63.0,81.0,81.0,82.0,196.0,88.0,59.0,57.0,28.0,42.0,39.0,40.0,23.0,63.0,77.0,79.0,74.0,90.0,56.0,72.0,75.0,65.0,61.0,89.0,60.0,49.0,64.0,100.0,105.0,114.0,140.0,110.0,99.0,78.0,92.0,94.0,46.0,109.0,130.0,139.0,124.0,159.0,134.0
관악구,관할 시도내,면적[천㎡],천㎡,10.0,9.0,15.0,11.0,12.0,14.0,11.0,13.0,12.0,14.0,15.0,14.0,11.0,10.0,5.0,7.0,9.0,6.0,8.0,16.0,8.0,7.0,7.0,3.0,4.0,3.0,2.0,2.0,3.0,6.0,5.0,7.0,7.0,5.0,6.0,7.0,5.0,5.0,6.0,5.0,3.0,5.0,9.0,10.0,10.0,12.0,8.0,10.0,5.0,8.0,6.0,5.0,7.0,12.0,12.0,12.0,13.0,12.0
관악구,관할 시도외 서울,동(호)수[동(호)수],동(호)수,0.0,0.0,0.0,0.0,0.0,0.0,0.0,0.0,0.0,0.0,0.0,0.0,0.0,0.0,0.0,0.0,0.0,0.0,0.0,0.0,0.0,0.0,0.0,0.0,0.0,0.0,0.0,0.0,0.0,0.0,0.0,0.0,0.0,0.0,0.0,0.0,0.0,0.0,0.0,0.0,0.0,0.0,0.0,0.0,0.0,0.0,0.0,0.0,0.0,0.0,0.0,0.0,0.0,0.0,0.0,0.0,0.0,0.0
관악구,관할 시도외 서울,면적[천㎡],천㎡,0.0,0.0,0.0,0.0,0.0,0.0,0.0,0.0,0.0,0.0,0.0,0.0,0.0,0.0,0.0,0.0,0.0,0.0,0.0,0.0,0.0,0.0,0.0,0.0,0.0,0.0,0.0,0.0,0.0,0.0,0.0,0.0,0.0,0.0,0.0,0.0,0.0,0.0,0.0,0.0,0.0,0.0,0.0,0.0,0.0,0.0,0.0,0.0,0.0,0.0,0.0,0.0,0.0,0.0,0.0,0.0,0.0,0.0
관악구,관할 시도외 기타,동(호)수[동(호)수],동(호)수,90.0,74.0,127.0,107.0,154.0,126.0,195.0,205.0,125.0,133.0,146.0,123.0,115.0,111.0,129.0,68.0,75.0,76.0,81.0,124.0,106.0,76.0,78.0,53.0,41.0,25.0,23.0,24.0,47.0,40.0,38.0,69.0,250.0,77.0,47.0,70.0,72.0,41.0,45.0,51.0,38.0,45.0,46.0,55.0,74.0,99.0,61.0,61.0,51.0,86.0,69.0,41.0,64.0,93.0,94.0,109.0,131.0,83.0
관악구,관할 시도외 기타,면적[천㎡],천㎡,7.0,6.0,9.0,9.0,11.0,7.0,11.0,12.0,9.0,8.0,10.0,9.0,8.0,7.0,7.0,4.0,4.0,5.0,6.0,9.0,6.0,6.0,6.0,5.0,1.0,2.0,2.0,1.0,3.0,4.0,2.0,5.0,14.0,5.0,3.0,5.0,4.0,2.0,3.0,2.0,2.0,3.0,3.0,3.0,6.0,8.0,6.0,5.0,5.0,6.0,5.0,3.0,5.0,6.0,8.0,7.0,9.0,7.0
서초구,매입자거주지,동(호)수[동(호)수],동(호)수,347.0,435.0,775.0,522.0,489.0,483.0,410.0,557.0,382.0,411.0,457.0,373.0,318.0,294.0,313.0,165.0,157.0,199.0,222.0,324.0,401.0,157.0,122.0,102.0,65.0,77.0,112.0,57.0,130.0,185.0,193.0,246.0,261.0,266.0,276.0,276.0,208.0,188.0,143.0,147.0,170.0,260.0,351.0,384.0,432.0,680.0,483.0,329.0,358.0,451.0,277.0,323.0,309.0,532.0,542.0,584.0,307.0,517.0
서초구,매입자거주지,면적[천㎡],천㎡,34.0,40.0,66.0,43.0,44.0,38.0,36.0,50.0,32.0,35.0,34.0,31.0,25.0,24.0,23.0,14.0,12.0,17.0,20.0,28.0,32.0,14.0,12.0,10.0,7.0,7.0,8.0,6.0,10.0,16.0,17.0,19.0,22.0,24.0,24.0,24.0,20.0,17.0,11.0,12.0,12.0,19.0,28.0,28.0,36.0,59.0,41.0,26.0,30.0,37.0,22.0,27.0,26.0,48.0,50.0,48.0,24.0,42.0
서초구,관할 시군구내,동(호)수[동(호)수],동(호)수,143.0,161.0,278.0,163.0,147.0,164.0,127.0,193.0,121.0,139.0,121.0,92.0,70.0,81.0,64.0,57.0,42.0,40.0,83.0,109.0,258.0,64.0,40.0,34.0,27.0,20.0,35.0,20.0,41.0,59.0,70.0,68.0,70.0,74.0,97.0,96.0,64.0,69.0,45.0,54.0,52.0,89.0,104.0,120.0,128.0,224.0,162.0,97.0,120.0,163.0,127.0,150.0,117.0,188.0,185.0,208.0,132.0,171.0
서초구,관할 시군구내,면적[천㎡],천㎡,14.0,17.0,26.0,15.0,16.0,15.0,12.0,22.0,12.0,14.0,10.0,8.0,8.0,8.0,6.0,6.0,4.0,4.0,7.0,10.0,19.0,6.0,4.0,4.0,3.0,2.0,3.0,2.0,3.0,6.0,8.0,6.0,6.0,7.0,9.0,10.0,6.0,7.0,4.0,5.0,4.0,7.0,9.0,11.0,11.0,20.0,15.0,9.0,11.0,16.0,10.0,12.0,10.0,20.0,18.0,18.0,11.0,15.0
서초구,관할 시도내,동(호)수[동(호)수],동(호)수,121.0,183.0,320.0,260.0,232.0,228.0,166.0,236.0,163.0,168.0,210.0,169.0,163.0,132.0,119.0,56.0,86.0,55.0,75.0,141.0,87.0,52.0,39.0,36.0,25.0,29.0,21.0,21.0,59.0,82.0,70.0,99.0,106.0,111.0,113.0,117.0,91.0,77.0,51.0,48.0,62.0,97.0,165.0,167.0,198.0,293.0,216.0,139.0,154.0,156.0,94.0,114.0,114.0,225.0,237.0,212.0,117.0,228.0
서초구,관할 시도내,면적[천㎡],천㎡,11.0,16.0,27.0,20.0,19.0,16.0,16.0,18.0,13.0,15.0,15.0,15.0,11.0,9.0,10.0,5.0,5.0,4.0,8.0,12.0,8.0,5.0,3.0,4.0,2.0,2.0,2.0,2.0,5.0,6.0,5.0,7.0,8.0,10.0,9.0,10.0,7.0,5.0,4.0,4.0,5.0,7.0,13.0,11.0,16.0,27.0,18.0,11.0,13.0,12.0,8.0,10.0,9.0,19.0,22.0,18.0,9.0,19.0
서초구,관할 시도외 서울,동(호)수[동(호)수],동(호)수,0.0,0.0,0.0,0.0,0.0,0.0,0.0,0.0,0.0,0.0,0.0,0.0,0.0,0.0,0.0,0.0,0.0,0.0,0.0,0.0,0.0,0.0,0.0,0.0,0.0,0.0,0.0,0.0,0.0,0.0,0.0,0.0,0.0,0.0,0.0,0.0,0.0,0.0,0.0,0.0,0.0,0.0,0.0,0.0,0.0,0.0,0.0,0.0,0.0,0.0,0.0,0.0,0.0,0.0,0.0,0.0,0.0,0.0
서초구,관할 시도외 서울,면적[천㎡],천㎡,0.0,0.0,0.0,0.0,0.0,0.0,0.0,0.0,0.0,0.0,0.0,0.0,0.0,0.0,0.0,0.0,0.0,0.0,0.0,0.0,0.0,0.0,0.0,0.0,0.0,0.0,0.0,0.0,0.0,0.0,0.0,0.0,0.0,0.0,0.0,0.0,0.0,0.0,0.0,0.0,0.0,0.0,0.0,0.0,0.0,0.0,0.0,0.0,0.0,0.0,0.0,0.0,0.0,0.0,0.0,0.0,0.0,0.0
서초구,관할 시도외 기타,동(호)수[동(호)수],동(호)수,83.0,91.0,177.0,99.0,110.0,91.0,117.0,128.0,98.0,104.0,126.0,112.0,85.0,81.0,130.0,52.0,29.0,104.0,64.0,74.0,56.0,41.0,43.0,32.0,13.0,28.0,56.0,16.0,30.0,44.0,53.0,79.0,85.0,81.0,66.0,63.0,53.0,42.0,47.0,45.0,56.0,74.0,82.0,97.0,106.0,163.0,105.0,93.0,84.0,132.0,56.0,59.0,78.0,119.0,120.0,164.0,58.0,118.0
서초구,관할 시도외 기타,면적[천㎡],천㎡,9.0,6.0,13.0,8.0,10.0,7.0,8.0,10.0,7.0,7.0,9.0,7.0,6.0,7.0,7.0,3.0,3.0,9.0,5.0,6.0,5.0,3.0,6.0,2.0,2.0,3.0,3.0,1.0,2.0,4.0,5.0,6.0,8.0,7.0,5.0,5.0,7.0,5.0,3.0,3.0,4.0,5.0,6.0,6.0,8.0,12.0,8.0,6.0,6.0,8.0,4.0,5.0,7.0,9.0,10.0,11.0,4.0,8.0
강남구,매입자거주지,동(호)수[동(호)수],동(호)수,336.0,494.0,772.0,473.0,529.0,456.0,442.0,571.0,361.0,468.0,611.0,450.0,446.0,428.0,405.0,297.0,584.0,188.0,274.0,340.0,280.0,318.0,322.0,214.0,103.0,80.0,133.0,107.0,169.0,275.0,230.0,339.0,363.0,341.0,394.0,285.0,322.0,204.0,158.0,197.0,265.0,260.0,338.0,423.0,386.0,689.0,611.0,479.0,362.0,357.0,352.0,236.0,398.0,969.0,604.0,303.0,538.0,742.0
강남구,매입자거주지,면적[천㎡],천㎡,33.0,44.0,76.0,45.0,50.0,46.0,44.0,54.0,33.0,47.0,48.0,37.0,39.0,42.0,40.0,28.0,45.0,19.0,23.0,34.0,26.0,29.0,31.0,18.0,11.0,10.0,10.0,10.0,13.0,20.0,20.0,31.0,33.0,31.0,38.0,25.0,27.0,17.0,17.0,17.0,23.0,23.0,31.0,41.0,33.0,62.0,55.0,42.0,32.0,30.0,30.0,22.0,34.0,83.0,56.0,29.0,45.0,62.0
강남구,관할 시군구내,동(호)수[동(호)수],동(호)수,139.0,234.0,323.0,185.0,205.0,233.0,185.0,251.0,159.0,264.0,353.0,246.0,267.0,255.0,271.0,183.0,481.0,73.0,107.0,115.0,90.0,175.0,223.0,95.0,41.0,41.0,29.0,36.0,40.0,88.0,86.0,145.0,117.0,118.0,153.0,118.0,98.0,85.0,64.0,91.0,110.0,89.0,148.0,166.0,170.0,248.0,207.0,207.0,138.0,151.0,137.0,94.0,137.0,364.0,229.0,133.0,201.0,305.0
강남구,관할 시군구내,면적[천㎡],천㎡,16.0,22.0,32.0,20.0,20.0,21.0,19.0,25.0,13.0,24.0,26.0,19.0,22.0,21.0,24.0,14.0,37.0,8.0,8.0,11.0,9.0,15.0,16.0,8.0,4.0,3.0,3.0,4.0,3.0,7.0,9.0,15.0,11.0,13.0,16.0,11.0,10.0,8.0,7.0,8.0,11.0,7.0,14.0,18.0,15.0,25.0,20.0,18.0,13.0,14.0,12.0,10.0,13.0,34.0,24.0,13.0,19.0,29.0
강남구,관할 시도내,동(호)수[동(호)수],동(호)수,101.0,123.0,243.0,170.0,164.0,138.0,140.0,158.0,103.0,124.0,142.0,99.0,114.0,87.0,83.0,48.0,47.0,47.0,80.0,111.0,92.0,56.0,58.0,89.0,18.0,20.0,67.0,48.0,62.0,117.0,69.0,116.0,140.0,123.0,131.0,91.0,149.0,76.0,47.0,66.0,69.0,101.0,100.0,158.0,142.0,254.0,250.0,159.0,113.0,131.0,110.0,85.0,150.0,376.0,221.0,107.0,167.0,267.0
강남구,관할 시도내,면적[천㎡],천㎡,8.0,11.0,23.0,15.0,14.0,14.0,15.0,15.0,12.0,14.0,10.0,8.0,9.0,9.0,8.0,6.0,3.0,4.0,5.0,10.0,7.0,5.0,7.0,4.0,2.0,2.0,3.0,3.0,5.0,8.0,6.0,9.0,12.0,11.0,11.0,7.0,10.0,5.0,4.0,6.0,6.0,9.0,9.0,14.0,12.0,21.0,22.0,15.0,11.0,10.0,10.0,7.0,12.0,30.0,19.0,9.0,13.0,20.0
강남구,관할 시도외 서울,동(호)수[동(호)수],동(호)수,0.0,0.0,0.0,0.0,0.0,0.0,0.0,0.0,0.0,0.0,0.0,0.0,0.0,0.0,0.0,0.0,0.0,0.0,0.0,0.0,0.0,0.0,0.0,0.0,0.0,0.0,0.0,0.0,0.0,0.0,0.0,0.0,0.0,0.0,0.0,0.0,0.0,0.0,0.0,0.0,0.0,0.0,0.0,0.0,0.0,0.0,0.0,0.0,0.0,0.0,0.0,0.0,0.0,0.0,0.0,0.0,0.0,0.0
강남구,관할 시도외 서울,면적[천㎡],천㎡,0.0,0.0,0.0,0.0,0.0,0.0,0.0,0.0,0.0,0.0,0.0,0.0,0.0,0.0,0.0,0.0,0.0,0.0,0.0,0.0,0.0,0.0,0.0,0.0,0.0,0.0,0.0,0.0,0.0,0.0,0.0,0.0,0.0,0.0,0.0,0.0,0.0,0.0,0.0,0.0,0.0,0.0,0.0,0.0,0.0,0.0,0.0,0.0,0.0,0.0,0.0,0.0,0.0,0.0,0.0,0.0,0.0,0.0
강남구,관할 시도외 기타,동(호)수[동(호)수],동(호)수,96.0,137.0,206.0,118.0,160.0,85.0,117.0,162.0,99.0,80.0,116.0,105.0,65.0,86.0,51.0,66.0,56.0,68.0,87.0,114.0,98.0,87.0,41.0,30.0,44.0,19.0,37.0,23.0,67.0,70.0,75.0,78.0,106.0,100.0,110.0,76.0,75.0,43.0,47.0,40.0,86.0,70.0,90.0,99.0,74.0,187.0,154.0,113.0,111.0,75.0,105.0,57.0,111.0,229.0,154.0,63.0,170.0,170.0
강남구,관할 시도외 기타,면적[천㎡],천㎡,9.0,11.0,20.0,11.0,16.0,11.0,10.0,14.0,8.0,9.0,12.0,10.0,7.0,12.0,8.0,8.0,4.0,7.0,10.0,13.0,10.0,9.0,9.0,6.0,5.0,5.0,4.0,3.0,5.0,5.0,5.0,7.0,10.0,8.0,11.0,8.0,6.0,4.0,5.0,4.0,6.0,7.0,9.0,9.0,5.0,15.0,12.0,9.0,8.0,6.0,8.0,5.0,9.0,19.0,13.0,7.0,13.0,13.0
송파구,매입자거주지,동(호)수[동(호)수],동(호)수,520.0,509.0,1075.0,740.0,703.0,601.0,544.0,738.0,579.0,480.0,499.0,518.0,441.0,448.0,308.0,242.0,320.0,252.0,287.0,394.0,278.0,256.0,222.0,166.0,122.0,125.0,154.0,140.0,310.0,358.0,345.0,447.0,402.0,377.0,382.0,453.0,302.0,252.0,255.0,298.0,280.0,358.0,473.0,670.0,569.0,843.0,758.0,629.0,387.0,461.0,451.0,301.0,514.0,933.0,1162.0,489.0,580.0,1182.0
송파구,매입자거주지,면적[천㎡],천㎡,39.0,44.0,85.0,52.0,49.0,42.0,41.0,54.0,38.0,34.0,37.0,36.0,29.0,28.0,22.0,14.0,18.0,17.0,19.0,24.0,17.0,15.0,15.0,10.0,10.0,7.0,10.0,10.0,23.0,30.0,26.0,35.0,28.0,30.0,28.0,32.0,23.0,20.0,17.0,23.0,20.0,31.0,37.0,50.0,46.0,68.0,59.0,48.0,30.0,37.0,33.0,23.0,39.0,73.0,89.0,36.0,42.0,89.0
송파구,관할 시군구내,동(호)수[동(호)수],동(호)수,210.0,232.0,422.0,255.0,274.0,304.0,247.0,245.0,162.0,171.0,185.0,188.0,154.0,201.0,88.0,68.0,61.0,87.0,99.0,159.0,112.0,69.0,57.0,40.0,39.0,42.0,44.0,47.0,107.0,126.0,111.0,183.0,154.0,159.0,154.0,173.0,125.0,93.0,122.0,113.0,111.0,149.0,205.0,239.0,221.0,307.0,304.0,239.0,144.0,176.0,169.0,129.0,211.0,377.0,441.0,196.0,232.0,486.0
송파구,관할 시군구내,면적[천㎡],천㎡,15.0,20.0,40.0,21.0,20.0,20.0,18.0,19.0,13.0,14.0,14.0,13.0,9.0,12.0,8.0,4.0,4.0,7.0,8.0,10.0,7.0,5.0,5.0,2.0,3.0,2.0,3.0,4.0,8.0,10.0,9.0,15.0,12.0,12.0,10.0,13.0,10.0,8.0,9.0,10.0,8.0,13.0,17.0,18.0,19.0,26.0,24.0,19.0,11.0,14.0,12.0,9.0,16.0,31.0,36.0,16.0,17.0,40.0
송파구,관할 시도내,동(호)수[동(호)수],동(호)수,174.0,157.0,405.0,319.0,238.0,178.0,176.0,332.0,284.0,168.0,199.0,214.0,177.0,140.0,125.0,93.0,126.0,69.0,113.0,138.0,86.0,106.0,77.0,58.0,53.0,54.0,80.0,45.0,120.0,113.0,108.0,132.0,141.0,104.0,120.0,169.0,90.0,93.0,72.0,107.0,92.0,122.0,146.0,296.0,208.0,301.0,239.0,221.0,155.0,154.0,150.0,100.0,170.0,338.0,378.0,176.0,200.0,387.0
송파구,관할 시도내,면적[천㎡],천㎡,14.0,14.0,28.0,20.0,17.0,14.0,13.0,22.0,16.0,11.0,14.0,14.0,11.0,10.0,9.0,5.0,6.0,5.0,7.0,8.0,4.0,5.0,5.0,3.0,4.0,3.0,5.0,3.0,8.0,10.0,8.0,10.0,10.0,9.0,10.0,10.0,7.0,6.0,5.0,8.0,7.0,12.0,11.0,20.0,17.0,24.0,18.0,16.0,11.0,12.0,13.0,8.0,13.0,25.0,28.0,12.0,15.0,29.0
송파구,관할 시도외 서울,동(호)수[동(호)수],동(호)수,0.0,0.0,0.0,0.0,0.0,0.0,0.0,0.0,0.0,0.0,0.0,0.0,0.0,0.0,0.0,0.0,0.0,0.0,0.0,0.0,0.0,0.0,0.0,0.0,0.0,0.0,0.0,0.0,0.0,0.0,0.0,0.0,0.0,0.0,0.0,0.0,0.0,0.0,0.0,0.0,0.0,0.0,0.0,0.0,0.0,0.0,0.0,0.0,0.0,0.0,0.0,0.0,0.0,0.0,0.0,0.0,0.0,0.0
송파구,관할 시도외 서울,면적[천㎡],천㎡,0.0,0.0,0.0,0.0,0.0,0.0,0.0,0.0,0.0,0.0,0.0,0.0,0.0,0.0,0.0,0.0,0.0,0.0,0.0,0.0,0.0,0.0,0.0,0.0,0.0,0.0,0.0,0.0,0.0,0.0,0.0,0.0,0.0,0.0,0.0,0.0,0.0,0.0,0.0,0.0,0.0,0.0,0.0,0.0,0.0,0.0,0.0,0.0,0.0,0.0,0.0,0.0,0.0,0.0,0.0,0.0,0.0,0.0
송파구,관할 시도외 기타,동(호)수[동(호)수],동(호)수,136.0,120.0,248.0,166.0,191.0,119.0,121.0,161.0,133.0,141.0,115.0,116.0,110.0,107.0,95.0,81.0,133.0,96.0,75.0,97.0,80.0,81.0,88.0,68.0,30.0,29.0,30.0,48.0,83.0,119.0,126.0,132.0,107.0,114.0,108.0,111.0,87.0,66.0,61.0,78.0,77.0,87.0,122.0,135.0,140.0,235.0,215.0,169.0,88.0,131.0,132.0,72.0,133.0,218.0,343.0,117.0,148.0,309.0
송파구,관할 시도외 기타,면적[천㎡],천㎡,10.0,10.0,17.0,11.0,13.0,9.0,10.0,12.0,10.0,9.0,9.0,9.0,8.0,5.0,6.0,5.0,9.0,6.0,5.0,6.0,5.0,6.0,5.0,5.0,2.0,2.0,2.0,3.0,7.0,11.0,9.0,10.0,6.0,9.0,8.0,9.0,6.0,5.0,4.0,6.0,5.0,6.0,9.0,12.0,11.0,19.0,16.0,13.0,8.0,11.0,9.0,5.0,10.0,17.0,25.0,8.0,9.0,21.0
강동구,매입자거주지,동(호)수[동(호)수],동(호)수,505.0,540.0,805.0,531.0,546.0,576.0,497.0,560.0,502.0,397.0,389.0,470.0,337.0,319.0,336.0,199.0,189.0,240.0,203.0,271.0,198.0,170.0,190.0,160.0,183.0,102.0,119.0,149.0,232.0,336.0,357.0,349.0,382.0,367.0,399.0,331.0,277.0,220.0,235.0,237.0,232.0,310.0,380.0,454.0,573.0,863.0,474.0,455.0,314.0,351.0,437.0,282.0,459.0,804.0,584.0,512.0,1090.0,679.0
강동구,매입자거주지,면적[천㎡],천㎡,36.0,38.0,60.0,37.0,41.0,41.0,35.0,39.0,33.0,31.0,34.0,35.0,21.0,22.0,23.0,18.0,14.0,16.0,16.0,19.0,15.0,10.0,11.0,8.0,8.0,7.0,8.0,10.0,17.0,21.0,21.0,24.0,24.0,23.0,26.0,22.0,18.0,14.0,15.0,16.0,16.0,19.0,24.0,29.0,40.0,56.0,33.0,30.0,20.0,23.0,24.0,18.0,29.0,58.0,42.0,35.0,80.0,49.0
강동구,관할 시군구내,동(호)수[동(호)수],동(호)수,179.0,196.0,266.0,181.0,232.0,222.0,176.0,234.0,171.0,172.0,154.0,170.0,111.0,112.0,57.0,68.0,62.0,73.0,75.0,100.0,73.0,50.0,39.0,47.0,49.0,31.0,35.0,54.0,91.0,121.0,147.0,122.0,142.0,132.0,149.0,132.0,121.0,97.0,99.0,107.0,103.0,125.0,158.0,173.0,250.0,296.0,173.0,171.0,130.0,148.0,105.0,108.0,179.0,363.0,232.0,197.0,385.0,249.0
강동구,관할 시군구내,면적[천㎡],천㎡,14.0,14.0,22.0,15.0,18.0,17.0,13.0,18.0,13.0,13.0,15.0,13.0,8.0,9.0,4.0,6.0,4.0,5.0,6.0,7.0,6.0,3.0,2.0,3.0,2.0,3.0,3.0,4.0,6.0,8.0,9.0,9.0,9.0,8.0,10.0,9.0,8.0,6.0,6.0,7.0,7.0,8.0,10.0,12.0,17.0,22.0,12.0,12.0,8.0,10.0,7.0,7.0,13.0,26.0,17.0,14.0,29.0,18.0
강동구,관할 시도내,동(호)수[동(호)수],동(호)수,223.0,245.0,365.0,220.0,164.0,228.0,183.0,201.0,226.0,151.0,136.0,198.0,124.0,76.0,179.0,98.0,80.0,73.0,67.0,80.0,71.0,87.0,105.0,61.0,104.0,27.0,59.0,61.0,63.0,111.0,139.0,142.0,126.0,159.0,143.0,102.0,92.0,61.0,68.0,83.0,72.0,99.0,136.0,142.0,184.0,352.0,154.0,160.0,98.0,116.0,141.0,106.0,166.0,244.0,204.0,177.0,372.0,242.0
강동구,관할 시도내,면적[천㎡],천㎡,15.0,16.0,27.0,15.0,13.0,15.0,15.0,14.0,13.0,12.0,12.0,14.0,8.0,6.0,11.0,10.0,8.0,5.0,7.0,6.0,5.0,5.0,6.0,3.0,4.0,2.0,3.0,3.0,5.0,6.0,7.0,9.0,8.0,11.0,10.0,6.0,6.0,5.0,5.0,7.0,5.0,6.0,9.0,10.0,13.0,18.0,11.0,11.0,7.0,7.0,8.0,7.0,10.0,19.0,15.0,12.0,28.0,17.0
강동구,관할 시도외 서울,동(호)수[동(호)수],동(호)수,0.0,0.0,0.0,0.0,0.0,0.0,0.0,0.0,0.0,0.0,0.0,0.0,0.0,0.0,0.0,0.0,0.0,0.0,0.0,0.0,0.0,0.0,0.0,0.0,0.0,0.0,0.0,0.0,0.0,0.0,0.0,0.0,0.0,0.0,0.0,0.0,0.0,0.0,0.0,0.0,0.0,0.0,0.0,0.0,0.0,0.0,0.0,0.0,0.0,0.0,0.0,0.0,0.0,0.0,0.0,0.0,0.0,0.0
강동구,관할 시도외 서울,면적[천㎡],천㎡,0.0,0.0,0.0,0.0,0.0,0.0,0.0,0.0,0.0,0.0,0.0,0.0,0.0,0.0,0.0,0.0,0.0,0.0,0.0,0.0,0.0,0.0,0.0,0.0,0.0,0.0,0.0,0.0,0.0,0.0,0.0,0.0,0.0,0.0,0.0,0.0,0.0,0.0,0.0,0.0,0.0,0.0,0.0,0.0,0.0,0.0,0.0,0.0,0.0,0.0,0.0,0.0,0.0,0.0,0.0,0.0,0.0,0.0
강동구,관할 시도외 기타,동(호)수[동(호)수],동(호)수,103.0,99.0,174.0,130.0,150.0,126.0,138.0,125.0,105.0,74.0,99.0,102.0,102.0,131.0,100.0,33.0,47.0,94.0,61.0,91.0,54.0,33.0,46.0,52.0,30.0,44.0,25.0,34.0,78.0,104.0,71.0,85.0,114.0,76.0,107.0,97.0,64.0,62.0,68.0,47.0,57.0,86.0,86.0,139.0,139.0,215.0,147.0,124.0,86.0,87.0,191.0,68.0,114.0,197.0,148.0,138.0,333.0,188.0
강동구,관할 시도외 기타,면적[천㎡],천㎡,7.0,8.0,11.0,7.0,9.0,9.0,8.0,7.0,7.0,5.0,8.0,8.0,5.0,7.0,8.0,2.0,2.0,6.0,4.0,7.0,4.0,2.0,3.0,2.0,2.0,2.0,2.0,3.0,5.0,7.0,5.0,6.0,7.0,5.0,7.0,7.0,4.0,3.0,3.0,3.0,4.0,5.0,5.0,7.0,10.0,16.0,10.0,7.0,5.0,6.0,8.0,5.0,7.0,13.0,10.0,10.0,23.0,15.0
