"행정구역별(1)",행정구역별(2),2022.12,2022.12,2023.01,2023.01,2023.02,2023.02,2023.03,2023.03,2023.04,2023.04,2023.05,2023.05,2023.06,2023.06,2023.07,2023.07,2023.08,2023.08,2023.09,2023.09,2023.10,2023.10,2023.11,2023.11,2023.12,2023.12,2024.01,2024.01,2024.02,2024.02,2024.03,2024.03,2024.04,2024.04,2024.05,2024.05,2024.06,2024.06,2024.07,2024.07,2024.08,2024.08,2024.09,2024.09,2024.10,2024.10,2024.11,2024.11,2024.12,2024.12,2025.01,2025.01,2025.02,2025.02,2025.03,2025.03,2025.04,2025.04,2025.05,2025.05,2025.06,2025.06,2025.07,2025.07
"행정구역별(1)",행정구역별(2),동(호)수 (동(호)수),면적 (천㎡),동(호)수 (동(호)수),면적 (천㎡),동(호)수 (동(호)수),면적 (천㎡),동(호)수 (동(호)수),면적 (천㎡),동(호)수 (동(호)수),면적 (천㎡),동(호)수 (동(호)수),면적 (천㎡),동(호)수 (동(호)수),면적 (천㎡),동(호)수 (동(호)수),면적 (천㎡),동(호)수 (동(호)수),면적 (천㎡),동(호)수 (동(호)수),면적 (천㎡),동(호)수 (동(호)수),면적 (천㎡),동(호)수 (동(호)수),면적 (천㎡),동(호)수 (동(호)수),면적 (천㎡),동(호)수 (동(호)수),면적 (천㎡),동(호)수 (동(호)수),면적 (천㎡),동(호)수 (동(호)수),면적 (천㎡),동(호)수 (동(호)수),면적 (천㎡),동(호)수 (동(호)수),면적 (천㎡),동(호)수 (동(호)수),면적 (천㎡),동(호)수 (동(호)수),면적 (천㎡),동(호)수 (동(호)수),면적 (천㎡),동(호)수 (동(호)수),면적 (천㎡),동(호)수 (동(호)수),면적 (천㎡),동(호)수 (동(호)수),면적 (천㎡),동(호)수 (동(호)수),면적 (천㎡),동(호)수 (동(호)수),면적 (천㎡),동(호)수 (동(호)수),면적 (천㎡),동(호)수 (동(호)수),면적 (천㎡),동(호)수 (동(호)수),면적 (천㎡),동(호)수 (동(호)수),면적 (천㎡),동(호)수 (동(호)수),면적 (천㎡),동(호)수 (동(호)수),면적 (천㎡)
"전국",소계,28603,2185,25761,1937,41191,3165,52333,4030,47555,3705,55176,4230,52592,4141,48170,3795,51578,4001,49448,3866,47799,3684,45415,3494,38036,2939,43033,3286,43491,3329,52816,4032,58215,4470,57436,4414,55760,4324,68296,5319,60648,4688,51267,3960,56579,4307,49114,3865,45921,3525,38322,2877,50698,3840,67259,5144,65421,5029,62703,4768,73838,5651,64235,4938
"서울특별시",소계,2844,167,2641,169,3975,260,5812,390,5122,352,6468,448,6674,467,6081,428,6716,468,6396,458,5442,382,4961,348,4073,279,4699,319,4795,334,6098,418,7898,555,8445,597,9091,648,12783,937,10992,799,8206,596,7164,501,6803,483,6444,435,5307,366,7320,507,12854,941,12017,884,10865,757,15442,1087,13046,938
"서울특별시",종로구,47,4,33,3,60,5,84,9,51,5,87,8,104,9,75,6,85,7,103,10,90,6,76,7,70,7,71,7,57,4,82,6,113,8,131,11,107,9,149,12,154,11,86,8,91,9,103,8,80,7,77,5,87,7,124,10,165,12,123,13,182,16,151,14
"서울특별시",중구,31,2,29,2,59,5,62,5,71,5,89,7,103,7,101,7,97,7,92,9,75,5,90,7,72,4,72,4,69,5,92,7,93,7,123,10,95,7,193,15,134,10,100,8,113,8,121,9,101,8,115,9,140,12,219,16,251,17,148,11,232,17,174,14
"서울특별시",용산구,68,6,60,4,109,9,93,7,100,9,132,13,161,15,133,11,147,12,134,11,137,12,123,13,86,7,97,9,102,12,134,10,197,17,172,14,258,22,282,22,344,28,229,21,206,19,148,14,142,13,130,12,151,14,380,36,322,29,217,18,315,25,403,31
"서울특별시",성동구,38,3,47,3,105,7,203,15,134,10,210,17,251,18,225,18,243,20,220,18,173,14,153,11,119,9,143,13,142,11,233,18,299,23,308,25,435,33,546,40,461,39,308,24,190,15,201,19,238,19,190,15,327,25,668,52,562,46,490,39,935,75,565,46
"서울특별시",광진구,183,8,108,7,118,9,160,11,172,13,201,12,188,13,154,11,163,12,185,13,165,13,163,13,137,10,183,13,240,15,227,15,283,21,259,19,424,27,405,28,361,26,310,22,248,16,229,19,202,13,219,14,250,16,420,31,433,34,383,28,628,46,469,34
"서울특별시",동대문구,66,5,87,5,147,9,200,14,216,14,230,17,252,18,243,18,224,15,205,15,170,14,175,13,123,9,158,10,189,12,206,14,276,20,304,22,309,24,505,38,410,31,333,25,256,19,298,21,245,18,216,15,316,23,463,34,532,32,519,35,677,41,499,36
"서울특별시",중랑구,113,6,114,8,140,10,219,12,157,9,252,13,251,17,199,11,181,11,196,13,207,13,193,11,141,8,162,10,137,9,239,14,304,17,313,20,288,17,412,26,368,24,300,18,371,21,254,15,272,15,190,11,249,15,328,21,335,20,295,19,449,28,430,25
"서울특별시",성북구,114,7,175,9,239,15,234,18,261,19,327,23,289,21,293,21,353,25,308,22,240,19,242,18,225,17,227,17,244,19,296,22,374,27,384,29,394,30,670,51,518,38,405,30,334,23,343,23,266,18,240,17,372,26,540,38,496,36,573,40,767,55,562,43
"서울특별시",강북구,170,8,141,9,125,8,184,11,171,11,218,14,268,15,169,11,284,13,229,15,177,11,236,14,145,8,164,10,139,8,201,12,221,13,237,14,236,15,342,23,250,16,240,15,268,16,169,11,186,10,140,10,273,17,244,16,281,19,266,16,334,22,300,20
"서울특별시",도봉구,117,6,99,5,152,9,199,13,154,10,231,14,181,11,191,11,253,17,206,12,170,11,159,10,142,11,166,11,165,11,234,16,282,17,267,17,244,16,283,19,334,24,251,18,233,16,215,14,181,12,146,8,194,12,284,17,313,19,260,16,316,20,352,23
"서울특별시",노원구,88,5,117,7,203,13,275,18,227,15,338,20,312,20,300,21,358,22,334,21,288,17,235,15,173,11,206,12,229,14,308,19,401,24,385,25,421,27,719,47,651,42,452,30,333,21,338,20,295,18,240,16,352,21,613,39,539,34,554,34,803,50,639,41
"서울특별시",은평구,228,10,156,11,261,14,565,27,323,22,367,23,326,19,321,21,388,24,349,22,310,20,274,16,233,15,271,16,267,16,370,22,474,30,483,29,570,34,527,34,571,34,448,27,429,25,345,23,431,24,255,14,355,20,540,32,532,32,540,32,715,44,678,40
"서울특별시",서대문구,128,6,89,6,206,11,269,14,180,13,187,13,220,17,185,13,243,19,258,18,169,13,149,12,119,9,131,9,161,11,192,14,337,26,305,21,365,26,556,43,397,29,256,19,262,19,232,16,285,16,265,15,224,15,466,33,397,30,377,28,663,47,423,30
"서울특별시",마포구,77,6,181,8,137,8,193,15,210,14,267,22,281,20,282,18,311,19,296,21,243,17,232,17,164,11,186,12,180,12,260,17,416,28,403,28,448,31,653,46,540,36,355,27,316,20,269,18,222,16,226,17,330,24,690,50,568,44,537,38,919,64,658,44
"서울특별시",양천구,96,6,98,7,170,11,235,16,254,16,271,17,277,20,277,20,290,20,321,21,261,18,233,16,185,13,206,14,245,18,258,18,278,19,382,26,383,26,544,39,628,42,411,29,322,21,319,21,282,19,201,12,320,18,601,42,562,40,582,37,825,58,578,38
"서울특별시",강서구,161,9,192,12,231,13,377,21,360,20,385,22,432,25,333,19,406,23,379,22,384,22,360,21,336,19,354,19,317,19,396,21,509,31,533,31,546,32,654,43,613,39,442,27,456,27,430,24,384,22,307,18,383,22,680,39,656,40,712,40,918,58,741,45
"서울특별시",구로구,139,8,109,5,181,10,239,15,219,14,289,17,228,15,250,16,229,16,250,17,250,15,251,15,158,10,241,15,252,16,277,17,330,22,328,21,327,22,398,27,374,25,274,18,286,18,252,16,200,16,203,13,251,16,473,31,400,29,584,31,747,43,433,30
"서울특별시",금천구,102,5,91,6,62,3,172,11,95,5,158,9,142,9,143,9,161,10,140,10,125,8,129,9,103,6,152,9,134,8,155,9,135,8,188,11,143,9,224,14,189,11,144,8,133,7,106,6,125,7,168,9,120,7,173,11,169,10,165,10,265,15,207,13
"서울특별시",영등포구,172,9,54,3,133,8,232,16,235,17,360,23,267,22,358,20,297,20,277,20,204,16,208,14,177,12,190,12,163,13,254,17,346,27,382,30,404,28,556,43,499,39,341,25,322,25,255,19,260,18,247,16,293,21,586,46,534,40,551,41,740,56,635,48
"서울특별시",동작구,105,8,121,7,142,10,263,19,195,15,253,17,252,17,267,19,313,22,321,22,242,16,226,15,172,12,258,17,250,17,274,20,381,27,330,25,414,32,646,48,536,42,354,27,326,24,274,18,270,19,236,17,357,27,739,56,678,52,670,48,982,79,661,50
"서울특별시",관악구,83,5,87,7,154,10,200,16,212,13,235,18,481,31,231,16,239,18,248,21,253,17,190,14,202,13,182,12,166,12,222,16,307,23,297,23,320,27,444,35,334,25,275,23,248,17,282,21,260,17,154,12,296,21,385,30,400,32,431,34,515,37,368,30
"서울특별시",서초구,112,8,57,6,130,10,185,16,193,17,246,19,261,22,266,24,276,24,276,24,208,20,188,17,143,11,147,12,170,12,260,19,351,28,384,28,432,36,680,59,483,41,329,26,358,30,451,37,277,22,323,27,309,26,532,48,542,50,584,48,307,24,517,42
"서울특별시",강남구,133,10,107,10,169,13,275,20,230,20,339,31,363,33,341,31,394,38,285,25,322,27,204,17,158,17,197,17,265,23,260,23,338,31,423,41,386,33,689,62,611,55,479,42,362,32,357,30,352,30,236,22,398,34,969,83,604,56,303,29,538,45,742,62
"서울특별시",송파구,154,10,140,10,310,23,358,30,345,26,447,35,402,28,377,30,382,28,453,32,302,23,252,20,255,17,298,23,280,20,358,31,473,37,670,50,569,46,843,68,758,59,629,48,387,30,461,37,451,33,301,23,514,39,933,73,1162,89,489,36,580,42,1182,89
"서울특별시",강동구,119,8,149,10,232,17,336,21,357,21,349,24,382,24,367,23,399,26,331,22,277,18,220,14,235,15,237,16,232,16,310,19,380,24,454,29,573,40,863,56,474,33,455,30,314,20,351,23,437,24,282,18,459,29,804,58,584,42,512,35,1090,80,679,49
"부산광역시",소계,1879,135,1734,117,2512,188,3397,255,2975,219,3344,239,2998,223,2808,213,3170,234,2893,221,2988,214,2963,213,2245,166,2541,182,2475,180,2973,212,3182,231,3349,239,2844,213,3722,281,3150,247,2741,209,3669,264,3004,218,2962,211,2126,161,2561,191,3329,254,3277,246,3369,288,3726,281,3874,299
"부산광역시",중구,11,1,20,1,22,2,29,2,33,2,26,2,30,2,25,1,41,3,27,1,18,1,25,2,20,1,16,1,10,1,32,1,19,1,37,2,22,1,23,3,25,1,17,1,23,1,38,2,15,1,14,1,19,1,20,1,23,2,24,2,25,2,30,2
"부산광역시",서구,58,4,55,4,120,6,85,7,79,6,84,6,84,7,73,6,93,8,84,7,73,5,74,5,91,6,97,7,87,7,81,6,86,7,130,7,88,6,102,8,74,5,75,6,131,10,107,8,110,8,52,4,84,7,111,8,85,6,89,7,118,7,84,7
"부산광역시",동구,60,4,38,2,42,3,72,5,91,5,86,6,71,5,75,5,63,5,71,4,61,4,67,5,46,3,44,3,46,3,57,4,75,5,80,6,68,5,59,4,63,5,58,4,63,4,79,5,67,5,54,4,64,4,80,6,75,5,73,5,89,6,92,6
"부산광역시",영도구,57,5,34,3,62,4,87,6,90,6,90,6,82,5,82,4,100,6,77,6,76,6,81,5,60,4,65,4,76,5,75,5,72,5,100,7,84,5,81,6,91,6,66,4,81,6,79,6,85,5,51,4,58,4,84,5,87,6,78,6,80,6,174,10
"부산광역시",부산진구,217,15,189,11,257,20,349,26,356,22,356,23,311,21,310,22,400,26,353,24,476,25,397,27,300,20,320,20,334,22,354,23,432,25,422,31,383,24,494,34,395,28,337,25,565,35,344,24,395,25,222,16,319,21,396,29,343,24,453,26,436,30,433,32
"부산광역시",동래구,122,9,81,5,179,14,231,18,264,20,254,19,241,19,226,17,265,21,230,18,233,18,229,17,163,12,204,16,179,14,227,18,279,22,294,21,255,20,348,28,339,26,267,20,315,24,245,19,206,16,209,16,227,17,291,23,349,26,301,23,353,26,377,30
"부산광역시",남구,183,14,145,10,296,21,275,22,213,16,334,23,276,22,245,17,299,21,257,19,298,20,249,17,205,14,199,13,189,15,298,18,288,20,270,20,201,15,288,23,230,18,237,18,254,19,235,18,241,17,167,12,184,14,258,19,317,27,259,20,289,23,334,27
"부산광역시",북구,124,9,123,8,198,15,322,24,269,20,284,20,246,18,198,16,239,18,247,19,285,21,242,19,167,12,235,19,193,15,250,20,247,18,321,22,234,18,296,23,246,18,221,16,311,22,240,18,198,15,162,13,205,16,295,22,254,19,274,20,285,21,309,24
"부산광역시",해운대구,174,13,168,12,264,20,381,30,343,27,390,31,356,30,349,28,376,28,306,25,284,24,313,24,239,24,259,19,247,20,325,25,322,27,315,26,316,25,453,36,385,33,321,28,371,30,329,25,228,19,173,14,291,23,334,27,328,26,368,30,440,38,492,41
"부산광역시",사하구,177,12,155,10,222,17,257,19,230,16,286,21,238,18,249,19,248,18,237,17,249,18,265,20,184,13,248,19,213,14,228,16,287,20,246,17,218,18,261,20,227,17,219,17,262,19,230,15,223,16,202,14,272,20,321,25,267,19,262,20,293,23,247,20
"부산광역시",금정구,190,12,93,6,149,12,134,11,148,12,221,16,131,10,149,12,182,13,167,13,170,13,148,11,169,11,136,10,165,12,124,10,206,15,146,11,176,16,154,13,152,14,157,12,184,12,177,13,227,16,190,12,156,12,197,19,208,16,183,14,183,15,187,15
"부산광역시",강서구,89,7,99,9,146,13,450,32,234,20,154,13,148,14,136,12,126,11,145,12,136,11,115,10,86,8,111,9,98,8,195,14,118,10,132,11,128,11,162,13,164,14,119,11,270,20,129,11,165,12,126,12,135,12,150,13,137,12,173,15,175,14,144,13
"부산광역시",연제구,170,11,118,8,157,12,238,17,199,15,192,15,267,16,212,16,237,19,245,21,180,14,254,15,139,11,197,14,228,15,203,15,219,18,223,17,215,17,222,18,213,17,192,14,234,17,185,14,218,16,172,14,132,10,210,16,236,17,231,18,262,20,338,24
"부산광역시",수영구,74,5,228,11,122,9,156,12,153,10,288,14,221,15,181,13,171,12,160,11,149,9,171,11,116,7,132,8,126,10,232,15,200,15,182,11,164,11,209,15,212,19,191,12,209,13,295,18,300,19,125,9,152,11,243,17,260,17,270,59,274,19,295,21
"부산광역시",사상구,91,7,95,7,131,10,163,12,119,9,130,9,147,11,148,11,167,13,137,10,148,11,183,12,132,9,131,9,135,10,126,9,165,11,269,16,139,10,389,20,173,13,132,10,216,15,160,12,147,11,90,7,118,8,196,14,155,11,161,11,260,18,148,11
"부산광역시",기장군,82,6,93,8,145,11,168,13,154,13,169,13,149,11,150,12,163,12,150,12,152,13,150,12,128,10,147,11,149,12,166,13,167,12,182,15,153,12,181,15,161,13,132,10,180,14,132,10,137,11,117,9,145,10,143,11,153,12,170,14,164,12,190,15
"대구광역시",소계,1212,99,988,78,1725,138,2181,177,2297,190,2326,193,2559,213,2283,190,2382,195,2453,199,2309,190,2137,176,1685,139,1981,162,2008,161,2458,198,2562,214,2466,207,2197,187,2590,213,2399,207,2218,180,2520,205,2169,178,2095,174,1619,130,2102,168,2454,196,2466,201,2346,191,2611,222,2465,206
"대구광역시",중구,44,3,68,6,106,8,120,9,118,9,114,9,126,10,98,8,108,9,104,9,110,9,89,6,62,5,99,8,120,9,124,11,126,9,140,11,125,9,149,12,160,13,114,9,142,11,122,9,117,9,101,8,138,11,148,11,179,13,150,11,182,14,137,10
"대구광역시",동구,188,16,144,12,225,18,320,25,273,22,318,26,469,34,343,27,350,29,370,29,335,29,331,27,232,18,333,26,288,22,365,29,389,31,438,34,287,23,412,31,351,29,323,25,460,34,418,32,292,23,267,20,299,22,381,29,383,30,382,30,357,28,387,30
"대구광역시",서구,48,4,26,3,81,7,82,7,91,8,133,10,96,8,163,11,82,7,89,8,86,7,122,10,68,7,81,7,90,7,110,10,113,10,131,11,99,7,90,7,115,9,92,7,90,7,85,8,185,12,70,6,93,8,110,9,127,10,109,8,111,10,112,9
"대구광역시",남구,30,5,33,3,50,5,58,5,80,13,88,9,93,10,82,10,92,8,93,8,96,8,78,8,61,6,67,7,55,5,72,7,97,10,95,10,81,9,93,9,79,10,78,8,87,8,87,9,81,8,83,7,83,7,79,8,93,8,94,10,112,11,95,9
"대구광역시",북구,337,24,251,16,322,25,390,29,432,32,416,33,449,36,344,28,475,37,442,35,442,35,368,29,311,24,361,29,401,31,506,38,482,39,425,34,391,31,455,37,367,28,414,32,436,34,392,31,421,34,301,24,405,31,452,35,455,36,397,31,441,36,429,36
"대구광역시",수성구,128,11,140,12,236,21,321,29,366,34,382,35,397,36,404,37,361,31,405,37,364,33,360,34,245,23,315,28,269,23,362,30,363,34,450,43,435,42,484,44,445,44,423,37,427,38,319,29,344,34,230,20,270,23,371,32,376,35,422,38,476,47,490,46
"대구광역시",달서구,257,22,211,18,414,33,513,42,453,38,511,45,561,51,528,45,499,41,610,48,546,45,450,37,392,32,434,34,458,39,587,48,621,52,486,41,503,43,545,46,576,49,488,41,581,49,464,38,440,38,364,30,512,42,599,47,551,45,531,45,640,54,523,42
"대구광역시",달성군,180,15,115,9,291,22,377,30,484,35,364,28,368,29,317,24,410,32,337,27,326,24,332,25,308,23,285,22,323,24,322,25,363,29,293,23,265,21,355,27,296,24,280,20,289,22,277,21,212,17,198,15,299,24,300,23,297,23,257,19,284,22,290,23
"대구광역시",군위군,-,-,-,-,-,-,-,-,-,-,-,-,-,-,4,0,5,1,3,0,4,0,7,1,6,0,6,0,4,0,10,1,8,1,8,1,11,1,7,1,10,1,6,0,8,1,5,0,3,0,5,0,3,0,14,1,5,0,4,0,8,1,2,0
"인천광역시",소계,2031,128,1794,123,2973,207,3853,269,3431,241,4185,286,3621,257,3393,236,3394,246,3279,233,3204,222,2779,192,2504,168,2819,193,2792,201,3497,249,4190,293,4089,281,4060,292,4657,336,4143,299,3301,228,3553,240,3114,217,2728,182,2206,150,3097,213,4231,299,4135,289,4075,278,4663,330,3603,254
"인천광역시",중구,97,7,102,7,135,10,205,16,201,15,251,18,260,21,207,16,198,15,165,12,189,14,167,12,175,12,130,12,162,13,187,15,213,16,180,13,180,13,257,20,211,17,216,16,201,15,152,12,135,10,119,9,163,12,211,16,205,16,195,14,207,16,151,12
"인천광역시",동구,45,2,32,2,59,4,73,4,86,5,82,5,73,4,67,4,81,5,96,6,89,5,66,4,53,3,66,4,61,4,76,5,109,7,83,5,75,5,82,5,100,6,64,4,67,4,54,4,47,3,48,3,69,4,93,6,85,5,66,4,67,4,104,6
"인천광역시",미추홀구,373,18,253,16,323,20,462,28,412,27,607,37,420,26,464,29,429,29,376,23,360,23,438,28,370,25,472,30,325,23,434,27,566,36,551,34,550,37,503,34,524,36,434,26,531,34,491,32,381,26,293,20,428,27,566,39,624,40,676,42,729,49,446,29
"인천광역시",연수구,214,16,211,17,536,42,571,46,477,38,521,43,520,43,472,38,425,36,440,37,359,28,275,23,211,16,341,26,340,27,487,39,529,43,517,41,519,42,683,55,594,48,425,35,383,29,351,28,296,25,259,20,362,29,518,43,502,40,478,39,755,61,471,37
"인천광역시",남동구,400,26,298,20,574,39,642,44,617,42,772,52,575,40,520,35,527,36,515,34,485,32,457,30,403,26,426,28,429,29,565,41,635,43,717,49,713,51,821,56,680,48,534,35,555,36,551,37,443,29,383,24,584,39,832,60,656,48,582,39,664,47,503,35
"인천광역시",부평구,303,17,263,15,383,22,554,35,507,32,535,33,601,39,473,30,533,35,481,33,491,30,422,25,403,26,446,28,468,29,562,36,669,43,641,41,585,39,766,50,635,41,486,31,573,35,518,32,436,26,334,21,473,30,629,39,694,44,737,46,745,49,578,43
"인천광역시",계양구,148,8,171,10,226,13,320,18,288,17,405,23,317,18,276,17,312,19,283,17,338,20,279,16,219,13,268,15,336,22,381,23,449,27,456,27,389,24,450,28,444,28,329,20,375,23,303,18,270,16,208,12,297,18,401,24,424,25,405,24,407,25,374,22
"인천광역시",서구,394,28,409,31,645,48,936,68,740,55,891,66,774,59,760,57,773,61,835,64,808,61,612,47,557,40,598,45,602,46,723,55,914,69,853,64,966,74,1020,79,877,68,693,53,742,55,579,44,664,41,510,35,658,48,859,64,850,64,835,61,985,70,887,62
"인천광역시",강화군,49,4,48,5,69,7,77,8,70,7,89,7,63,6,89,9,100,8,78,6,70,6,52,5,80,6,62,6,54,5,67,7,99,9,75,6,71,7,62,6,63,6,65,6,86,7,106,9,46,5,48,4,55,5,115,7,85,7,89,7,96,8,79,7
"인천광역시",옹진군,8,1,7,1,23,2,13,2,33,2,32,2,18,2,65,2,16,1,10,1,15,2,11,2,33,2,10,1,15,2,15,1,7,1,16,2,12,1,13,2,15,1,55,2,40,2,9,1,10,1,4,0,8,1,7,1,10,1,12,2,8,1,10,1
"광주광역시",소계,806,63,972,72,1133,90,2159,174,1398,112,1680,131,1641,131,1513,127,1554,129,1473,117,1398,109,1364,108,1111,87,1284,101,1387,109,1683,127,1681,131,1733,137,1410,110,1711,139,1360,107,1336,106,1903,149,1604,125,1405,111,1194,94,1585,127,2075,151,1703,138,1505,119,1704,134,1538,124
"광주광역시",동구,50,4,57,5,107,9,130,11,186,12,147,12,191,13,163,12,124,9,133,10,169,10,102,7,75,6,96,8,97,7,162,10,133,11,129,10,115,9,140,11,117,10,113,9,205,17,122,10,109,9,87,7,121,10,170,14,138,9,110,9,169,13,130,10
"광주광역시",서구,134,11,118,9,222,18,267,22,263,23,353,28,320,27,312,29,345,32,301,24,293,25,275,22,222,16,280,24,266,23,262,21,318,26,343,30,260,20,317,25,243,19,234,20,306,25,277,22,269,22,198,16,309,26,347,29,331,28,259,20,324,26,285,24
"광주광역시",남구,90,8,89,7,150,12,165,13,174,16,192,16,195,16,190,17,168,15,167,14,167,14,195,16,129,11,133,12,161,13,254,19,208,18,203,17,195,16,195,16,188,16,178,15,234,21,233,18,190,16,181,15,223,20,222,18,262,22,194,18,225,19,218,18
"광주광역시",북구,207,17,264,18,330,26,422,31,406,33,538,41,518,42,424,33,493,39,455,36,433,34,397,31,393,30,411,30,459,33,519,39,504,38,549,41,437,34,517,40,451,35,376,30,647,47,491,37,444,35,361,28,543,41,601,46,551,45,486,37,537,41,475,36
"광주광역시",광산구,325,23,444,33,324,25,1175,96,369,28,450,35,417,33,424,37,424,34,417,32,336,27,395,31,292,24,364,28,404,32,486,37,518,38,509,38,403,31,542,46,361,27,435,33,511,38,481,37,393,29,367,29,389,31,735,44,421,34,456,35,449,35,430,36
"대전광역시",소계,812,77,696,59,1131,99,1413,121,1434,120,1607,136,1516,138,1356,123,1553,129,1504,123,1448,126,1579,127,1140,97,1347,112,1250,99,1489,116,1655,129,1516,123,1445,121,1614,138,1525,125,1565,124,1784,140,1411,111,1355,111,1032,83,1447,124,1593,130,1694,133,1772,144,1723,144,1596,131
"대전광역시",동구,142,12,119,9,152,13,225,19,204,17,213,18,196,18,195,15,197,15,167,14,222,18,190,14,185,17,185,19,224,17,282,21,283,21,244,19,283,20,248,20,188,15,208,17,239,17,246,16,202,16,160,11,241,19,258,20,257,17,268,20,245,18,198,15
"대전광역시",중구,120,12,107,9,152,13,205,17,208,17,270,22,199,16,198,17,212,16,229,17,200,15,247,20,159,15,228,18,178,13,219,17,382,23,227,17,177,15,217,15,187,16,176,13,232,18,164,12,186,15,142,12,292,31,208,16,261,22,262,21,222,18,239,18
"대전광역시",서구,216,21,214,17,379,33,431,37,446,39,481,41,501,40,456,40,533,45,519,44,495,47,505,41,373,31,447,38,379,32,429,31,444,38,439,37,436,40,511,42,429,38,471,41,555,43,456,34,459,39,350,29,434,34,525,43,584,47,568,44,591,49,528,44
"대전광역시",유성구,217,22,190,19,321,31,378,32,422,35,452,38,436,40,336,35,437,39,425,34,369,33,452,39,278,24,322,25,309,25,356,32,355,32,409,35,379,33,456,46,524,40,497,37,502,43,356,34,355,30,243,20,322,28,380,33,406,35,484,43,489,45,431,38
"대전광역시",대덕구,117,10,66,5,127,9,174,15,154,12,191,17,184,24,171,16,174,14,164,14,162,12,185,14,145,11,165,12,160,12,203,15,191,16,197,15,170,13,182,15,197,16,213,16,256,19,189,14,153,12,137,11,158,12,222,18,186,13,190,15,176,13,200,16
"울산광역시",소계,545,47,610,51,1029,82,1189,98,1077,89,1381,110,1225,106,1278,105,1228,102,1289,105,1194,97,1067,89,870,72,1177,93,1052,89,1365,111,1399,120,1387,116,1300,108,1294,109,1396,114,1192,97,1357,112,1274,103,1176,99,1065,83,1413,118,1812,147,1755,143,1612,129,1764,144,1576,129
"울산광역시",중구,76,7,102,9,186,15,217,18,186,16,292,23,227,19,230,20,200,17,209,17,207,17,209,18,135,11,213,17,203,17,207,18,227,19,234,19,208,17,205,17,254,21,199,17,211,17,202,17,220,21,218,18,262,22,297,24,275,23,314,26,292,24,255,22
"울산광역시",남구,176,15,178,15,333,27,399,31,321,27,344,27,393,35,385,32,353,29,422,36,408,32,277,24,230,19,311,24,291,24,387,30,383,30,423,34,423,36,364,30,438,37,365,31,468,41,351,28,292,26,297,23,364,31,566,47,605,49,478,38,597,50,576,47
"울산광역시",동구,60,6,70,5,109,8,110,11,142,11,206,18,161,15,160,13,137,10,119,9,111,9,122,10,108,8,133,10,134,10,148,12,169,16,162,12,141,12,138,10,164,13,114,9,139,11,132,10,149,11,100,7,155,13,189,14,193,15,178,14,190,15,200,15
"울산광역시",북구,104,8,141,12,199,17,270,21,228,18,321,25,222,18,268,21,294,24,281,22,250,20,225,17,209,17,247,19,210,17,333,27,355,30,290,25,274,22,309,27,278,22,257,21,304,24,342,27,297,24,237,19,355,28,430,35,367,29,350,28,344,28,283,23
"울산광역시",울주군,129,11,119,9,202,15,193,16,200,16,218,17,222,19,235,19,244,21,258,21,218,18,234,20,188,17,273,22,214,21,290,25,265,27,278,26,254,21,278,25,262,21,257,19,235,18,247,20,218,18,213,16,277,23,330,26,315,26,292,23,341,28,262,21
"세종특별자치시",소계,296,23,249,19,702,56,654,52,537,42,638,45,526,39,371,29,390,31,437,33,411,33,353,25,338,25,348,27,333,25,411,32,819,59,444,34,493,38,713,56,773,60,442,34,431,33,330,28,343,26,318,25,427,32,737,58,1397,109,782,62,471,36,446,32
"세종특별자치시",세종특별자치시,296,23,249,19,702,56,654,52,537,42,638,45,526,39,371,29,390,31,437,33,411,33,353,25,338,25,348,27,333,25,411,32,819,59,444,34,493,38,713,56,773,60,442,34,431,33,330,28,343,26,318,25,427,32,737,58,1397,109,782,62,471,36,446,32
"경기도",소계,6252,472,5864,449,10292,799,13057,1014,12277,973,14086,1100,13694,1087,12705,1004,13167,1035,13066,1021,11145,864,10270,795,8506,655,10090,772,11329,867,13127,992,15036,1156,15069,1167,15552,1222,20244,1592,17641,1362,14322,1106,14294,1099,11860,1007,11063,868,10333,760,13609,1025,18471,1424,17668,1356,17422,1330,22862,1773,18055,1405
"경기도",수원시,537,41,649,44,893,67,1111,80,1016,77,1257,92,1229,94,1164,84,1220,91,1285,95,998,73,966,73,778,59,880,64,995,73,1242,92,1362,101,1342,101,1476,111,2023,157,1569,117,1238,89,1328,101,1059,79,904,69,839,63,1156,85,1626,120,1685,124,1563,115,2198,166,1776,136
"경기도",수원시 장안구,140,10,72,6,138,10,176,12,163,13,214,15,233,18,238,16,272,20,228,17,243,17,244,17,211,14,145,11,209,16,264,19,283,20,260,18,270,19,431,31,337,24,303,21,317,24,209,15,214,17,157,11,236,17,376,26,415,30,311,22,473,36,284,21
"경기도",수원시 권선구,153,11,145,12,250,20,354,25,274,21,323,24,313,23,299,22,337,25,357,27,285,21,283,21,227,18,278,21,307,22,401,28,435,32,428,31,438,32,539,43,425,31,340,24,381,29,335,25,288,22,311,23,395,29,476,37,489,35,436,32,633,47,586,44
"경기도",수원시 팔달구,73,5,256,12,81,5,119,7,193,12,215,13,154,10,156,10,152,11,232,14,177,12,151,12,107,6,149,9,128,8,151,10,177,12,164,11,201,14,228,16,273,20,178,11,248,18,210,14,128,8,118,8,172,12,245,15,259,16,251,16,309,21,313,22
"경기도",수원시 영통구,171,15,176,15,424,32,462,35,386,31,505,40,529,43,471,36,459,35,468,37,293,23,288,23,233,20,308,23,351,27,426,35,467,38,490,40,567,47,825,67,534,42,417,33,382,30,305,25,274,22,253,20,353,27,529,43,522,43,565,45,783,63,593,48
"경기도",성남시,176,14,206,17,497,41,592,47,583,47,748,64,714,57,650,52,701,59,626,51,474,40,339,28,292,24,379,30,415,34,547,43,780,64,824,65,1127,93,1416,119,1061,88,774,65,699,59,555,51,559,47,456,39,631,49,1291,110,1062,88,1322,109,2109,178,1339,116
"경기도",성남시 수정구,57,4,89,7,157,13,153,12,146,12,153,14,160,12,152,12,162,12,177,14,109,9,84,7,67,5,83,7,100,8,128,9,196,15,226,18,170,13,282,24,287,26,182,16,160,14,123,11,117,9,99,8,119,10,283,25,232,20,247,20,344,29,340,31
"경기도",성남시 중원구,47,3,40,3,70,5,119,8,115,8,134,9,109,6,97,6,109,8,104,7,113,8,59,4,69,4,84,6,83,6,128,9,182,13,155,11,183,13,255,18,256,16,172,11,162,10,150,11,127,8,99,7,157,9,250,17,221,15,279,18,335,23,236,16
"경기도",성남시 분당구,72,7,77,6,270,23,320,27,322,27,461,41,445,38,401,34,430,39,345,31,252,23,196,17,156,15,212,17,232,20,291,26,402,37,443,37,774,67,879,76,518,45,420,38,377,35,282,29,315,29,258,25,355,30,758,68,609,53,796,71,1430,126,763,69
"경기도",의정부시,172,12,173,12,328,22,397,27,365,26,406,30,429,31,416,31,463,33,505,36,393,29,310,21,272,19,331,22,358,26,437,31,499,35,486,34,514,37,583,41,636,42,483,32,512,36,376,25,365,26,350,23,510,36,682,48,691,50,537,36,667,47,584,41
"경기도",안양시,176,10,143,9,307,20,459,29,410,26,453,29,520,35,449,31,531,36,530,35,449,31,361,24,253,19,342,23,382,27,516,34,570,39,616,42,624,44,810,57,912,62,603,40,627,41,532,34,485,32,412,28,652,42,895,58,927,62,882,60,1300,88,956,65
"경기도",안양시 만안구,106,6,78,5,138,9,197,12,139,8,175,10,195,13,168,11,213,14,198,13,198,13,147,10,98,7,116,8,134,10,194,13,189,12,189,13,186,12,264,19,307,21,224,15,237,15,210,13,149,9,137,9,250,16,261,17,297,19,253,17,336,22,288,19
"경기도",안양시 동안구,70,4,65,5,169,11,262,16,271,17,278,19,325,22,281,20,318,22,332,22,251,18,214,15,155,12,226,15,248,17,322,21,381,26,427,28,438,31,546,38,605,41,379,25,390,26,322,22,336,23,275,18,402,25,634,41,630,43,629,42,964,65,668,46
"경기도",부천시,370,22,364,25,465,29,718,47,623,40,718,47,714,47,708,45,667,45,653,42,608,38,536,33,423,28,497,36,592,38,762,49,788,52,769,49,839,56,998,66,819,55,764,51,741,48,598,38,576,37,452,28,676,44,884,57,838,56,833,55,971,65,931,61
"경기도",부천시 원미구,-,-,-,-,-,-,-,-,-,-,-,-,-,-,-,-,-,-,-,-,-,-,-,-,-,-,259,21,289,20,354,24,399,27,372,25,459,33,546,38,452,32,440,31,348,25,269,18,306,20,229,15,344,24,450,31,418,29,389,26,496,34,421,29
"경기도",부천시 소사구,-,-,-,-,-,-,-,-,-,-,-,-,-,-,-,-,-,-,-,-,-,-,-,-,-,-,144,10,175,11,255,18,238,17,249,17,225,15,257,18,225,16,178,12,228,14,170,11,138,9,115,8,203,13,224,16,243,17,301,21,336,24,312,22
"경기도",부천시 오정구,-,-,-,-,-,-,-,-,-,-,-,-,-,-,-,-,-,-,-,-,-,-,-,-,-,-,94,5,128,7,153,8,151,8,148,7,155,8,195,11,142,8,146,8,165,8,159,9,132,7,108,5,129,6,210,11,177,10,143,8,139,8,198,11
"경기도",광명시,83,6,93,6,180,12,225,15,180,11,351,20,263,17,249,16,260,16,274,17,176,11,172,11,125,8,199,12,178,11,355,20,266,17,312,20,359,24,543,36,389,26,302,20,248,16,203,13,178,12,174,11,261,16,404,27,449,29,388,25,646,42,566,37
"경기도",평택시,441,34,403,28,732,51,811,65,850,66,856,70,765,63,764,60,776,63,698,60,576,44,595,47,555,39,500,39,596,46,640,48,804,57,764,56,704,55,764,58,749,57,644,50,645,49,494,122,518,42,540,42,676,54,780,60,817,63,752,57,825,67,702,55
"경기도",동두천시,49,3,57,4,92,6,105,7,108,8,101,7,102,7,103,7,96,7,117,8,90,6,92,8,79,6,107,8,124,9,153,10,142,9,122,8,120,8,121,8,104,6,183,11,117,6,158,9,98,6,60,4,97,6,128,8,119,8,122,8,126,10,109,8
"경기도",안산시,408,32,285,25,537,44,679,57,660,51,654,50,755,60,651,51,651,49,638,49,596,42,502,37,484,31,507,38,559,39,696,53,769,58,768,55,678,52,866,65,784,58,620,51,640,55,595,53,504,44,399,31,553,39,748,53,735,59,696,58,692,52,650,50
"경기도",안산시 상록구,232,19,138,12,249,21,316,29,320,26,297,24,394,32,300,25,307,23,316,24,290,19,287,19,259,17,249,19,295,21,348,26,393,30,384,25,307,23,373,29,339,25,282,24,286,25,277,27,263,22,223,18,291,21,392,27,343,28,370,30,341,26,324,27
"경기도",안산시 단원구,176,13,147,13,288,23,363,28,340,25,357,26,361,28,351,26,344,26,322,25,306,22,215,18,225,15,258,19,264,19,348,27,376,28,384,30,371,29,493,36,445,33,338,27,354,30,318,26,241,22,176,13,262,19,356,26,392,31,326,28,351,26,326,23
"경기도",고양시,326,25,316,27,681,55,759,60,779,65,909,71,932,76,871,70,965,77,956,77,829,65,682,55,604,49,728,57,823,62,820,65,981,77,946,74,1005,82,1389,111,1119,93,962,76,825,66,804,63,717,58,697,48,802,61,1097,86,1161,94,978,74,1273,102,1029,82
"경기도",고양시 덕양구,163,12,160,12,291,22,392,29,353,26,471,32,468,36,386,27,457,33,427,34,388,27,295,22,276,20,342,25,415,28,393,28,441,32,446,31,427,34,651,48,518,39,445,31,378,28,371,27,333,24,412,25,371,28,530,38,552,41,458,31,639,48,507,37
"경기도",고양시 일산동구,82,7,73,7,183,17,164,15,205,19,212,19,190,17,221,21,221,21,216,18,204,19,174,16,147,14,166,14,198,16,207,19,237,22,217,20,267,23,328,29,293,27,235,21,219,19,201,18,189,17,117,10,193,16,254,23,259,25,221,19,265,25,230,21
"경기도",고양시 일산서구,81,6,83,7,207,17,203,16,221,19,226,19,274,23,264,22,287,24,313,26,237,20,213,17,181,15,220,18,210,17,220,18,303,23,283,23,311,25,410,34,308,27,282,23,228,19,232,18,195,17,168,13,238,18,313,25,350,28,299,24,369,30,292,24
"경기도",과천시,34,3,40,3,52,4,56,5,55,4,60,5,98,7,70,5,79,6,84,6,53,5,27,3,34,3,47,4,47,3,52,4,96,7,101,8,148,13,202,18,97,8,79,7,83,8,68,6,57,5,111,6,121,9,200,16,108,9,117,9,175,14,87,7
"경기도",구리시,29,3,43,4,66,6,104,7,89,6,116,9,119,9,89,7,98,7,109,8,84,7,78,6,84,6,78,6,107,8,145,10,151,11,155,12,176,11,232,16,216,15,201,14,193,13,258,16,202,13,164,11,174,12,302,19,367,25,374,24,702,45,458,30
"경기도",남양주시,242,19,252,21,455,37,547,43,524,42,641,52,614,50,517,44,599,49,651,54,543,44,455,35,383,32,467,37,518,41,653,53,697,57,706,56,670,54,930,74,837,68,743,62,616,49,545,44,545,41,426,33,582,46,801,67,785,64,754,60,1096,87,862,69
"경기도",오산시,122,8,106,7,174,12,309,23,312,28,261,19,254,20,270,19,249,20,252,19,281,20,244,18,191,13,239,18,235,18,324,22,315,25,377,29,362,28,393,31,415,30,323,24,310,23,312,25,229,18,245,17,242,19,351,26,427,31,293,22,372,28,282,21
"경기도",시흥시,264,18,330,23,580,44,699,50,587,45,730,57,617,46,543,38,604,44,545,39,459,33,427,29,340,24,484,32,409,27,566,41,655,46,706,51,707,51,816,59,819,57,548,39,560,38,482,36,421,31,1286,81,625,42,856,60,870,59,739,51,850,62,741,53
"경기도",군포시,63,3,69,5,190,12,170,12,200,15,208,14,258,17,220,15,250,17,244,16,216,14,207,13,163,12,192,13,210,14,230,15,261,18,305,22,306,22,398,28,335,24,242,16,216,15,166,11,195,13,134,10,198,14,338,23,314,20,255,18,364,24,314,20
"경기도",의왕시,78,5,51,4,95,7,164,13,150,11,122,9,150,12,152,12,152,11,115,9,121,9,153,11,126,9,240,17,103,7,116,9,134,11,150,11,135,11,259,20,210,16,170,13,143,11,89,7,101,7,87,7,143,10,250,18,236,17,198,15,356,27,291,19
"경기도",하남시,78,8,127,12,270,23,342,30,297,25,306,26,307,25,297,25,235,19,239,20,173,14,152,13,175,14,176,14,167,13,248,20,317,25,371,29,399,31,708,59,584,47,367,28,392,28,328,24,342,27,301,22,760,55,554,45,398,34,453,34,707,57,621,50
"경기도",용인시,406,33,392,32,716,63,1105,95,1066,92,1343,118,1257,110,1094,100,1065,96,1198,106,939,84,733,66,681,58,804,68,818,72,1074,89,1213,105,1252,113,1436,128,2007,176,1525,134,1244,110,1032,92,968,84,846,76,734,62,1077,88,1713,159,1668,141,1577,135,2292,201,1514,138
"경기도",용인시 처인구,181,12,149,10,196,13,329,24,352,26,327,26,280,23,272,22,238,19,267,19,266,19,215,18,262,18,243,17,214,15,334,24,351,26,330,24,325,25,392,26,308,23,288,21,258,20,225,17,190,15,167,12,257,17,318,25,372,25,352,23,376,27,335,26
"경기도",용인시 기흥구,130,12,120,11,234,21,363,32,323,30,520,45,488,42,393,36,364,35,453,41,335,35,282,26,227,22,315,29,340,31,362,31,462,43,435,41,469,44,709,63,524,48,405,37,363,32,318,29,325,29,236,22,366,33,547,49,552,50,471,42,748,67,467,44
"경기도",용인시 수지구,95,9,123,11,286,28,413,39,391,36,496,48,489,45,429,42,463,42,478,45,338,30,236,22,192,18,246,22,264,25,378,34,400,37,487,47,642,59,906,87,693,63,551,51,411,40,425,39,331,32,331,28,454,39,848,84,744,67,754,70,1168,106,712,68
"경기도",파주시,304,21,208,17,350,29,444,36,365,30,435,35,454,38,500,42,431,35,434,35,380,31,340,28,320,26,339,28,329,28,422,34,540,44,467,38,502,39,756,61,715,60,587,48,677,51,466,37,437,37,329,27,430,34,622,50,626,51,576,47,707,55,487,38
"경기도",이천시,143,9,109,8,157,13,197,16,171,13,232,17,196,17,154,11,175,14,214,18,192,16,199,16,129,10,185,15,156,11,175,14,232,17,212,15,203,15,199,16,189,15,154,12,319,21,169,16,137,10,179,13,160,14,183,14,216,16,205,15,212,18,211,18
"경기도",안성시,155,13,136,12,176,14,227,16,223,18,321,24,219,18,197,14,260,19,213,14,191,13,174,12,191,13,260,19,232,16,268,18,286,20,276,20,260,21,237,16,247,17,251,18,284,21,226,17,182,15,167,12,257,19,277,19,306,23,296,21,282,20,236,17
"경기도",김포시,274,18,176,14,384,31,487,40,526,51,546,44,527,46,465,40,507,44,477,40,455,37,518,43,413,34,423,35,517,43,603,49,652,54,645,53,641,53,882,73,654,54,598,49,665,54,521,42,493,40,317,25,396,33,574,47,477,38,466,39,556,48,528,44
"경기도",화성시,595,50,566,43,1036,84,1130,90,1087,88,1111,89,1029,87,941,82,967,83,918,78,744,63,983,76,605,50,723,60,1555,127,987,79,1188,97,1057,86,1033,86,1302,108,1418,111,1126,91,1112,94,882,71,1117,92,675,56,1418,116,1496,123,1109,88,1787,142,1975,157,1478,122
"경기도",광주시,210,16,168,14,254,20,355,30,305,25,374,30,382,30,355,32,338,26,332,26,335,27,304,22,259,20,291,24,297,24,381,31,436,34,416,35,381,31,494,42,430,34,360,28,413,33,316,26,274,21,246,20,318,26,502,38,462,38,500,39,534,41,476,38
"경기도",양주시,128,10,141,10,279,21,303,24,264,21,303,23,288,21,260,20,307,23,282,22,286,23,247,20,176,14,235,18,235,18,252,19,330,25,322,25,242,19,320,24,306,24,279,22,287,22,233,17,200,14,160,12,244,19,343,26,266,19,287,22,334,25,267,20
"경기도",포천시,112,9,66,5,103,9,136,11,150,11,161,14,139,11,136,11,123,8,124,9,130,10,133,16,96,8,122,10,106,8,115,10,140,11,129,10,118,8,159,11,97,7,118,8,144,11,134,11,91,7,163,9,111,8,178,12,142,11,136,9,136,11,139,11
"경기도",여주시,117,9,71,8,103,8,164,14,115,10,152,12,128,11,193,14,163,13,140,11,133,10,126,11,118,11,127,11,97,7,133,10,152,12,195,20,144,12,135,12,162,13,112,10,161,13,116,11,90,7,88,7,122,9,146,13,150,14,116,10,127,11,145,11
"경기도",연천군,26,2,15,1,29,2,55,4,30,2,30,2,43,3,39,3,42,3,34,2,37,3,21,1,22,2,28,2,26,2,34,3,45,4,40,3,38,3,27,2,35,3,39,3,43,3,49,3,41,3,17,1,61,4,32,2,29,2,27,2,30,2,24,2
"경기도",가평군,69,9,49,4,32,3,67,6,73,7,64,6,74,8,60,7,75,8,68,7,69,7,77,7,56,6,71,6,58,6,62,7,73,6,82,8,79,8,84,8,73,6,61,6,74,6,55,5,60,6,49,5,52,4,62,5,73,6,49,4,88,7,86,7
"경기도",양평군,65,7,60,6,79,9,140,15,114,12,117,15,118,15,128,15,118,13,111,12,135,15,117,13,79,8,89,8,85,8,119,10,162,19,156,20,126,14,191,20,135,14,147,14,188,18,103,11,99,11,76,7,104,11,156,15,155,16,144,15,160,15,166,18
"강원도",소계,1249,95,1066,83,1463,115,1932,150,1957,149,2322,182,2045,164,1833,144,2038,159,2114,171,2057,161,2189,174,1950,153,1927,147,1809,142,2368,185,2431,190,2142,166,1913,159,2228,171,2192,158,1871,142,2307,179,2025,159,1846,152,1542,117,1926,145,2122,164,2083,161,2015,153,2130,165,1941,153
"강원도",춘천시,175,15,187,16,251,21,351,31,302,27,384,36,359,31,342,31,410,36,402,38,401,36,428,40,300,29,339,31,344,29,409,38,424,39,419,40,408,41,411,36,392,34,387,28,466,40,361,34,300,25,306,25,386,34,392,35,409,37,357,31,417,35,369,31
"강원도",원주시,356,26,296,22,407,33,542,42,495,40,652,51,515,42,481,38,548,45,543,48,528,42,680,54,793,61,555,42,532,43,643,50,611,49,593,45,488,43,606,48,508,40,465,36,532,43,592,46,548,42,478,35,546,42,619,47,548,45,583,46,629,50,523,42
"강원도",강릉시,130,12,105,8,154,13,200,17,256,18,213,18,214,19,224,19,239,18,238,19,264,21,208,17,162,12,198,15,182,14,246,21,281,24,232,19,217,16,259,21,231,17,229,19,325,23,265,22,220,17,200,17,265,20,262,23,278,21,323,23,288,22,232,20
"강원도",동해시,68,4,74,7,92,6,129,10,126,9,110,7,210,15,109,8,114,9,215,16,111,8,115,9,116,7,116,8,108,8,194,15,218,15,136,9,109,8,126,9,150,11,111,8,146,10,122,8,108,20,85,6,111,8,142,9,122,9,99,7,128,8,108,7
"강원도",태백시,44,3,41,2,45,3,72,4,60,4,67,4,69,4,69,4,72,4,99,6,94,6,98,6,57,3,72,5,52,4,77,4,98,6,61,4,65,4,64,4,43,3,52,3,66,4,59,4,54,4,34,2,59,3,68,4,71,4,87,5,45,2,61,3
"강원도",속초시,90,7,52,4,87,6,130,8,105,7,156,11,121,8,104,8,133,9,109,8,129,9,112,8,93,6,109,8,107,8,148,10,147,10,146,10,114,9,128,9,109,7,116,8,128,9,100,7,111,8,85,6,114,7,139,10,116,8,96,6,117,8,100,7
"강원도",삼척시,61,4,37,2,60,5,70,5,60,4,69,5,53,3,58,4,60,4,72,5,69,4,89,6,71,5,168,11,84,6,107,8,101,7,81,5,73,5,90,5,72,6,82,6,87,6,80,5,125,8,52,3,71,4,65,5,64,5,64,5,69,5,82,5
"강원도",홍천군,54,4,53,4,53,4,84,6,83,7,64,5,87,7,82,7,106,8,81,6,66,5,75,6,76,7,68,5,90,8,95,7,89,6,66,5,83,7,117,9,89,7,73,7,91,8,82,6,53,4,57,5,79,6,60,5,97,7,55,4,71,6,63,6
"강원도",횡성군,42,3,30,2,47,5,54,5,71,6,71,6,91,8,61,6,75,7,62,5,87,8,69,6,55,4,43,4,49,4,78,7,81,8,92,7,81,7,85,8,72,6,65,6,95,9,64,6,48,4,52,4,53,4,63,5,79,6,54,5,70,7,79,7
"강원도",영월군,33,2,26,2,42,3,49,4,47,3,43,3,47,3,38,3,35,3,49,5,67,5,56,4,38,4,45,3,42,3,52,4,46,3,66,5,50,4,40,3,47,3,49,4,51,4,53,3,32,2,32,2,38,3,50,3,43,3,39,3,43,3,44,3
"강원도",평창군,60,5,48,4,71,6,77,6,91,6,101,7,83,6,99,7,88,6,86,5,85,5,70,5,63,5,64,4,69,5,84,5,83,6,96,6,58,5,83,5,297,11,92,6,111,7,62,4,59,4,42,3,48,3,92,6,86,5,90,6,90,7,98,7
"강원도",정선군,19,1,27,2,32,2,36,2,38,3,116,7,38,3,40,3,39,2,44,3,37,2,71,4,29,2,30,2,34,2,77,5,40,3,34,2,27,2,46,2,46,4,43,3,48,3,43,3,41,2,15,1,35,2,37,2,34,2,39,2,44,3,38,2
"강원도",철원군,19,1,19,1,24,2,23,2,24,2,133,11,39,3,21,2,20,1,20,1,30,3,20,2,17,2,27,2,35,3,36,2,45,3,33,2,32,2,32,2,50,4,14,1,39,3,37,3,28,2,16,1,18,1,31,2,31,3,33,3,20,2,32,3
"강원도",화천군,11,1,8,0,13,1,14,1,17,1,25,2,13,1,7,0,12,1,10,1,19,1,17,1,13,1,10,1,7,0,12,0,13,1,5,0,8,0,18,1,8,1,9,1,17,1,14,1,16,1,6,0,7,0,8,1,13,1,12,1,8,1,7,0
"강원도",양구군,13,2,11,1,18,1,17,1,27,2,15,1,8,1,6,0,19,1,13,1,12,1,9,1,15,1,13,1,11,1,12,1,11,1,11,1,11,1,11,1,7,1,11,1,10,1,18,1,17,1,14,1,13,1,17,1,12,1,13,1,10,1,12,1
"강원도",인제군,18,2,10,1,16,1,24,2,27,3,32,3,34,3,18,1,20,2,21,2,21,2,25,2,13,1,19,2,18,1,29,2,25,2,20,1,16,1,25,2,20,2,23,2,27,2,18,1,34,3,16,1,25,2,18,1,27,2,26,2,25,2,38,3
"강원도",고성군,27,2,22,2,28,2,26,2,96,5,34,3,28,2,24,2,15,1,24,2,13,1,24,2,25,2,22,2,11,1,29,2,77,6,18,1,45,3,41,3,19,1,22,2,38,3,30,2,17,1,27,2,28,2,24,1,20,1,16,1,21,2,20,2
"강원도",양양군,29,2,20,1,23,2,34,2,32,2,37,3,36,3,50,3,33,2,26,1,24,2,23,2,14,1,29,2,34,2,40,3,41,3,33,3,28,2,46,3,32,2,28,2,30,2,25,2,35,2,25,2,30,2,35,3,33,2,29,3,35,2,35,3
"충청북도",소계,1565,132,1184,96,1882,147,2380,195,2090,174,2517,205,2096,176,2105,175,2271,185,2021,170,2376,187,2309,181,2453,195,2061,164,1921,149,2404,193,2324,183,2444,191,2017,159,2401,193,2129,171,1838,154,2330,187,1855,152,2048,160,1542,120,2102,160,2482,197,2425,197,2566,207,2453,199,2451,194
"충청북도",청주시,592,54,613,51,1051,85,1334,113,1059,93,1350,110,1074,94,1086,95,1201,104,1052,93,1211,102,994,82,1295,109,1127,93,1032,81,1272,104,1210,100,1297,108,984,82,1288,105,1135,96,1041,88,1279,107,983,87,1140,89,841,67,1194,95,1440,120,1390,117,1578,133,1396,119,1528,123
"충청북도",청주시 상당구,134,15,142,11,221,18,281,24,227,18,296,25,240,23,255,26,267,22,248,23,301,26,197,15,173,16,270,23,193,15,285,23,258,21,282,22,213,17,262,22,217,19,231,20,280,23,219,19,257,21,169,14,271,22,391,33,330,26,343,28,281,22,305,24
"충청북도",청주시 서원구,129,11,146,13,217,17,283,23,256,22,417,32,249,21,248,19,281,25,263,23,295,23,271,22,245,21,265,21,250,19,289,22,289,23,326,26,219,18,323,22,213,18,229,19,276,22,207,17,224,16,177,14,293,24,317,25,303,23,311,25,277,23,267,22
"충청북도",청주시 흥덕구,193,18,199,16,374,30,453,37,332,31,400,33,343,30,355,30,420,35,336,29,375,32,331,28,664,56,375,31,338,27,426,35,396,33,444,37,338,30,431,38,475,41,374,33,440,40,346,34,418,31,304,25,365,27,456,38,505,45,607,55,522,47,526,45
"충청북도",청주시 청원구,136,11,126,12,239,20,317,30,244,22,237,20,242,20,228,20,233,23,205,18,240,21,195,17,213,16,217,18,251,20,272,23,267,23,245,23,214,17,272,22,230,19,207,17,283,22,211,18,241,21,191,14,265,22,276,22,252,23,317,25,316,27,430,32
"충청북도",충주시,203,16,195,15,226,17,351,28,310,25,373,31,357,29,362,28,369,26,287,23,349,26,584,43,541,39,340,25,262,21,361,27,358,24,355,26,354,25,400,32,332,26,285,22,332,24,262,18,265,21,232,17,290,20,326,24,316,24,300,22,328,24,280,22
"충청북도",제천시,103,7,108,8,151,11,199,16,209,15,223,18,179,14,194,16,207,18,222,18,184,12,193,16,144,12,145,10,198,14,253,17,215,17,292,19,192,16,156,11,225,16,170,14,244,18,171,13,192,15,136,10,195,13,231,17,214,17,202,15,216,17,191,13
"충청북도",보은군,40,4,19,1,27,2,37,3,45,3,44,3,40,3,33,3,26,2,34,2,27,2,24,2,29,2,26,2,36,3,38,4,26,2,58,4,110,7,24,3,27,2,23,2,41,3,37,3,84,7,18,2,21,2,32,3,36,2,36,3,38,3,25,2
"충청북도",옥천군,29,2,31,2,50,3,38,3,45,3,42,4,45,3,43,3,43,3,60,5,41,3,56,4,33,3,46,3,41,3,36,3,45,3,51,4,46,3,46,4,46,4,30,3,38,3,54,5,37,3,47,4,54,4,68,5,54,4,47,4,53,4,54,4
"충청북도",영동군,59,3,27,2,29,2,51,4,33,3,52,4,44,3,36,2,41,4,25,2,45,4,39,3,30,3,38,3,39,3,42,3,57,4,45,3,47,3,53,4,71,6,35,2,39,3,51,4,49,4,20,1,51,4,51,4,44,4,55,5,33,3,49,4
"충청북도",증평군,39,3,30,2,48,4,75,6,46,3,125,10,34,2,40,4,57,5,47,4,66,7,64,5,51,4,39,3,47,4,76,9,73,6,65,4,51,4,60,4,45,3,32,3,43,4,45,3,40,3,38,3,55,4,48,4,57,5,46,4,54,4,53,4
"충청북도",진천군,353,30,62,5,123,9,119,10,137,10,121,10,132,10,147,10,145,10,144,10,226,16,172,12,150,10,110,9,101,8,128,9,132,11,99,8,83,6,179,14,105,8,75,6,112,8,67,5,77,7,72,6,91,7,115,7,111,7,100,8,133,10,126,10
"충청북도",괴산군,21,2,18,2,23,2,22,2,28,2,32,3,29,3,24,2,19,2,24,2,19,2,31,3,24,2,27,3,26,2,21,2,33,3,19,2,18,1,32,3,20,2,26,2,35,4,26,2,34,2,12,1,27,3,30,4,36,3,36,3,32,3,32,3
"충청북도",음성군,108,9,66,5,124,8,129,9,127,12,118,10,117,11,96,9,126,9,89,7,172,10,117,10,128,9,128,10,113,8,148,12,137,9,127,9,106,8,128,10,102,7,100,9,127,9,120,8,107,8,113,8,98,6,115,8,134,10,131,9,137,9,92,7
"충청북도",단양군,18,1,15,1,30,2,25,1,51,4,37,3,45,3,44,4,37,3,37,3,36,2,35,2,28,2,35,3,26,2,29,2,38,3,36,3,26,2,35,3,21,1,21,2,40,3,39,3,23,2,13,1,26,2,26,2,33,3,35,2,33,3,21,1
"충청남도",소계,1852,138,1585,119,2430,208,2962,217,2863,216,3064,230,2822,218,2638,207,2861,221,2586,202,2718,212,2541,197,2168,167,2538,194,2378,180,3118,236,3016,229,2888,228,2912,223,2967,236,2691,206,2477,194,3282,243,2490,190,2404,182,1981,147,2546,192,3036,222,3016,232,3065,225,3035,230,2773,210
"충청남도",천안시,849,61,640,44,1072,102,1154,85,1074,78,1341,95,1073,84,918,69,997,77,898,69,891,70,870,62,731,53,873,62,894,64,1171,83,1116,83,1006,74,1075,76,1093,85,975,71,883,71,1204,89,833,64,777,59,707,51,922,66,1055,77,1070,82,1175,82,1085,79,940,72
"충청남도",천안시 동남구,255,22,210,13,305,20,379,29,346,26,458,33,357,29,324,25,388,30,329,27,342,29,304,22,278,21,343,21,328,23,432,31,435,32,377,26,333,27,389,31,367,25,272,21,501,35,320,25,275,20,251,19,296,22,385,29,419,34,428,32,384,31,331,25
"충청남도",천안시 서북구,594,40,430,31,767,81,775,56,728,52,883,63,716,54,594,44,609,48,569,42,549,41,566,39,453,32,530,41,566,40,739,51,681,51,629,48,742,49,704,54,608,46,611,50,703,53,513,39,502,39,456,32,626,44,670,48,651,48,747,49,701,48,609,47
"충청남도",공주시,54,4,61,5,70,5,85,6,126,10,100,8,93,7,73,6,112,8,84,7,73,5,98,7,74,6,109,8,74,6,96,7,85,6,111,8,108,9,88,8,96,7,87,6,119,8,84,7,98,8,68,7,92,6,88,6,121,10,113,8,115,8,132,10
"충청남도",보령시,70,6,60,6,91,7,108,8,106,8,109,9,112,9,118,8,103,8,94,8,99,8,92,8,109,9,105,8,73,6,97,8,114,8,114,9,93,8,96,8,79,7,124,9,129,11,89,7,92,7,65,5,87,7,150,9,107,8,106,8,98,7,88,7
"충청남도",아산시,237,16,258,19,415,29,514,35,497,36,533,42,534,42,492,37,632,46,589,48,549,41,477,41,433,34,476,38,484,35,644,52,579,44,629,50,574,43,613,50,577,44,486,38,701,49,479,35,519,38,381,27,448,31,586,42,555,43,570,43,714,52,613,44
"충청남도",서산시,142,11,127,10,180,14,326,24,349,28,246,20,221,17,204,17,234,19,189,15,199,17,228,17,176,15,261,21,197,14,236,20,251,19,280,21,260,20,239,20,223,18,218,17,267,20,214,18,218,17,161,12,269,20,267,20,293,22,240,17,248,21,222,17
"충청남도",논산시,56,5,54,4,74,7,111,9,94,7,106,8,109,8,93,7,106,8,80,6,109,8,118,10,91,7,121,9,98,9,100,7,122,11,101,9,113,9,92,9,89,7,92,7,110,8,97,8,104,8,91,7,97,8,112,8,114,9,105,8,98,8,99,9
"충청남도",계룡시,28,2,31,2,43,4,44,3,52,4,50,3,58,5,199,16,69,5,58,5,157,13,48,4,38,3,48,4,46,3,73,5,64,5,46,3,55,4,67,4,59,4,54,3,83,6,77,5,50,4,55,4,50,3,69,5,68,5,71,5,70,5,55,4
"충청남도",당진시,119,9,109,9,144,11,223,15,166,14,165,13,206,16,165,13,204,17,223,17,201,16,194,16,159,14,162,14,174,13,208,16,210,16,212,19,213,21,237,18,215,19,182,15,216,16,228,18,200,15,192,15,239,20,258,20,230,19,245,20,228,18,260,20
"충청남도",금산군,44,3,35,2,43,3,51,4,36,3,42,3,82,6,45,3,54,4,42,3,56,4,61,4,34,2,45,3,41,3,50,5,88,5,41,3,44,3,52,4,38,3,48,4,48,3,53,4,41,3,30,2,32,3,42,3,55,4,53,4,39,4,55,4
"충청남도",부여군,35,3,31,3,36,3,55,4,62,5,43,4,47,4,57,5,45,4,42,3,41,4,50,3,46,4,47,4,42,3,55,4,53,4,57,5,53,5,46,3,49,4,43,3,57,4,39,3,43,3,21,2,47,4,56,4,60,4,42,3,45,3,40,3
"충청남도",서천군,39,3,23,2,34,3,42,3,55,4,53,4,47,4,37,3,33,2,34,3,44,3,48,4,43,3,48,4,36,4,72,5,44,3,45,4,62,5,49,4,47,3,37,3,57,5,53,4,44,4,31,2,43,6,45,3,51,4,63,4,54,5,47,4
"충청남도",청양군,24,2,7,1,9,1,18,2,23,2,25,2,16,1,9,1,13,2,13,1,15,1,31,2,26,2,13,1,15,3,20,2,12,2,13,1,13,1,16,1,16,1,15,1,24,2,10,1,8,1,9,1,9,1,19,1,15,1,16,1,19,1,19,1
"충청남도",홍성군,60,6,52,5,71,7,84,6,80,6,90,7,66,5,70,8,84,7,86,7,90,8,84,7,94,7,99,8,78,7,154,10,91,8,86,9,83,8,87,8,88,8,89,8,114,10,81,6,87,7,68,6,96,8,133,11,106,9,114,9,92,8,85,7
"충청남도",예산군,57,4,48,3,82,8,90,7,66,5,84,6,81,6,75,7,85,6,89,6,102,7,70,6,54,4,82,6,84,7,76,5,103,8,79,6,81,6,84,6,75,6,64,5,71,5,79,6,75,5,68,4,75,6,96,7,95,7,94,7,78,6,70,5
"충청남도",태안군,38,3,49,4,66,5,57,5,77,6,77,6,77,6,83,6,90,7,65,5,92,7,72,6,60,4,49,4,42,3,66,5,84,6,68,5,85,6,108,7,65,5,55,5,82,7,74,5,48,4,34,3,40,3,60,5,76,5,58,4,52,5,48,4
"전라북도",소계,1206,96,1134,87,1648,129,1966,154,1791,142,2462,193,2421,192,1793,146,1947,153,1816,151,1883,146,1903,154,1670,134,1896,148,1711,134,2386,203,2356,187,2395,192,2027,163,2371,188,2130,171,2100,173,2426,187,2406,189,1991,161,1562,122,2163,172,2546,204,2433,195,2375,181,2307,183,2249,179
"전라북도",전주시,416,38,447,36,695,57,841,67,712,62,1025,89,895,77,768,67,810,67,800,71,764,63,753,66,757,66,810,66,709,56,1065,88,1123,92,1088,88,931,79,1152,97,1002,83,864,84,1108,87,990,78,809,67,672,55,1000,85,1179,99,1143,97,1175,88,1124,93,1029,85
"전라북도",전주시 완산구,213,18,213,17,309,26,372,31,336,30,485,43,439,39,369,32,398,34,381,33,346,30,372,33,350,32,378,32,388,31,500,44,573,48,508,40,452,40,536,44,495,41,420,46,504,41,534,41,418,36,325,26,504,42,607,52,591,51,522,43,520,45,500,42
"전라북도",전주시 덕진구,203,20,234,18,386,32,469,37,376,33,540,46,456,39,399,35,412,32,419,37,418,33,381,32,407,34,432,34,321,25,565,44,550,44,580,47,479,39,616,53,507,42,444,38,604,46,456,37,391,31,347,28,496,43,572,47,552,45,653,46,604,48,529,43
"전라북도",군산시,204,16,186,17,247,20,315,24,351,24,560,40,698,52,325,29,349,27,328,26,327,25,317,26,269,20,333,25,279,25,454,35,384,30,436,38,334,27,373,27,369,29,291,23,379,30,308,24,255,22,238,18,319,23,430,33,344,27,406,29,349,27,316,25
"전라북도",익산시,226,14,207,12,241,16,283,20,239,17,360,23,316,22,209,14,301,22,225,17,294,20,314,21,219,15,286,19,297,19,312,21,298,23,342,25,256,18,315,23,278,20,274,19,325,24,329,24,324,24,232,16,328,23,331,24,357,26,275,20,296,21,338,24
"전라북도",정읍시,58,4,62,4,77,6,122,10,132,10,127,9,120,9,109,8,121,9,97,8,85,6,100,9,86,6,77,5,74,6,96,7,105,7,92,6,105,8,91,7,84,6,80,6,100,8,77,6,70,6,72,6,78,6,103,8,99,7,79,6,82,6,96,7
"전라북도",남원시,58,5,38,3,69,5,64,7,63,5,57,4,47,4,56,4,52,4,65,6,71,6,67,5,54,4,55,4,55,4,87,22,67,6,60,5,75,6,66,5,67,5,51,4,76,6,331,26,151,12,54,5,79,7,101,8,78,6,58,5,60,5,58,4
"전라북도",김제시,47,4,29,2,52,4,70,5,42,4,70,6,60,5,47,3,55,4,57,5,78,6,71,5,62,5,56,4,51,4,68,5,88,7,66,5,59,4,78,6,54,5,56,4,64,5,62,4,66,5,49,4,44,3,68,5,68,6,71,6,69,5,62,5
"전라북도",완주군,67,5,69,5,109,8,106,9,105,9,104,8,141,11,142,10,96,8,103,8,106,8,104,8,85,7,121,11,90,8,140,11,129,10,128,11,124,10,128,10,133,10,354,23,210,16,150,12,171,14,127,10,171,13,151,12,175,13,141,13,192,15,206,16
"전라북도",진안군,15,2,8,1,10,1,19,2,19,1,18,1,21,2,21,2,14,1,12,1,14,1,18,2,15,1,13,1,8,1,12,1,17,1,16,1,14,1,17,1,14,2,16,1,16,1,15,1,12,1,9,1,13,1,12,1,16,1,10,1,14,1,12,1
"전라북도",무주군,10,1,8,1,15,1,18,1,18,1,21,2,20,2,14,1,15,1,34,3,21,2,29,3,9,1,22,2,27,2,19,2,15,1,21,2,11,1,21,2,11,1,12,1,24,2,16,1,18,1,12,1,13,1,17,2,21,1,12,1,13,1,13,1
"전라북도",장수군,7,0,2,0,7,1,11,1,9,1,9,1,8,1,8,1,9,1,13,1,13,1,8,1,11,1,12,1,14,1,10,1,14,1,8,1,13,1,6,1,5,0,8,1,8,1,6,1,12,1,10,1,13,1,10,1,12,1,9,1,8,1,14,1
"전라북도",임실군,19,1,10,1,19,2,8,0,12,1,19,1,11,1,15,1,19,1,11,1,18,1,17,1,13,1,8,1,12,1,17,2,16,1,17,1,18,1,19,1,15,1,15,1,15,1,16,1,12,1,13,1,13,1,19,1,15,1,22,2,18,2,14,1
"전라북도",순창군,15,1,15,1,23,2,14,1,16,2,13,1,23,2,12,1,26,2,11,1,11,1,31,3,9,1,16,1,8,1,21,2,16,1,16,1,15,1,21,2,16,1,15,1,11,1,22,2,14,1,13,1,15,1,31,3,10,1,24,2,15,1,10,1
"전라북도",고창군,30,2,24,2,44,4,41,4,36,3,38,3,28,2,28,2,46,4,31,2,40,4,34,3,41,3,37,4,42,3,44,4,44,3,44,4,30,2,35,3,31,3,34,2,42,3,51,5,43,3,27,2,42,3,43,4,37,3,47,3,24,2,45,3
"전라북도",부안군,34,3,29,2,40,3,54,4,37,3,41,3,33,2,39,3,34,2,29,2,41,3,40,3,40,3,50,4,45,3,41,3,40,3,61,5,42,3,49,4,51,4,30,2,48,4,33,3,34,2,34,2,35,3,51,4,58,5,46,3,43,3,36,2
"전라남도",소계,1226,89,1132,88,2280,164,1925,148,1816,144,1875,143,1867,148,1653,131,2023,146,1681,125,1954,147,1933,150,1597,121,1737,133,2088,160,1949,152,2212,181,1961,152,1850,146,1951,157,1792,142,1624,126,2019,157,2264,174,1783,142,1302,101,1678,130,2087,163,2126,167,1857,144,1804,147,1734,135
"전라남도",목포시,176,13,150,13,201,16,245,19,254,21,319,25,306,24,281,23,280,22,238,18,274,20,301,23,216,18,247,19,260,21,285,22,469,38,304,25,320,25,307,24,241,19,294,23,341,27,249,20,237,18,191,15,218,16,314,24,309,23,270,21,283,22,233,18
"전라남도",여수시,131,11,137,10,195,16,259,22,233,19,212,16,245,20,215,17,220,17,214,17,226,19,238,19,209,17,188,16,190,14,238,19,238,19,286,23,269,22,236,21,213,18,186,15,276,22,216,19,205,18,152,13,187,15,276,22,243,22,237,19,202,17,211,16
"전라남도",순천시,187,14,217,17,974,64,322,25,334,27,357,27,350,28,295,23,350,26,313,22,305,23,315,25,249,18,294,22,695,53,366,27,318,25,371,28,299,22,361,27,309,24,312,23,431,33,780,59,336,26,270,19,364,27,407,32,443,36,321,25,380,30,341,26
"전라남도",나주시,62,5,83,9,117,9,130,10,125,10,122,10,145,12,136,11,114,8,136,12,109,8,131,11,88,7,142,11,127,9,107,8,111,9,105,8,108,9,105,9,123,10,83,7,125,10,147,12,165,14,117,9,132,11,134,10,146,11,165,13,130,11,171,14
"전라남도",광양시,212,11,143,10,228,15,236,16,211,14,248,17,222,16,197,14,266,18,271,17,442,31,359,24,184,13,242,17,228,17,248,18,252,18,210,14,220,16,267,20,334,25,227,17,222,16,191,13,224,16,172,13,227,16,247,19,229,17,223,17,195,16,182,13
"전라남도",담양군,18,2,19,2,22,2,27,2,23,3,25,2,24,2,27,3,31,3,21,2,25,2,27,3,17,2,23,2,22,2,29,3,26,3,18,2,28,3,23,2,34,3,23,2,37,4,102,7,29,3,23,2,14,1,26,2,23,2,17,2,21,2,30,3
"전라남도",곡성군,11,1,14,1,13,1,18,1,23,2,17,1,12,1,9,1,10,1,11,1,18,1,15,1,18,1,22,2,10,1,16,1,13,1,12,1,12,1,19,2,15,1,15,1,14,1,19,2,27,1,12,1,15,1,15,2,16,1,13,1,22,2,11,1
"전라남도",구례군,13,1,13,1,11,1,21,2,17,2,20,2,17,1,12,1,21,2,13,1,15,1,13,1,16,2,17,1,12,1,21,2,26,2,31,2,17,1,16,1,10,1,16,1,15,1,22,2,17,1,9,1,17,1,19,1,11,1,14,1,18,1,14,1
"전라남도",고흥군,55,4,56,4,70,5,74,5,69,5,39,3,53,5,65,5,56,4,41,3,73,5,40,3,57,4,57,4,80,6,58,4,70,6,76,6,68,5,47,4,41,3,51,3,36,3,51,4,40,3,27,2,61,5,68,5,75,5,69,5,57,4,45,3
"전라남도",보성군,21,2,16,1,22,1,38,3,29,2,29,2,35,2,33,2,36,3,28,2,29,2,44,3,16,1,28,3,24,2,30,2,22,2,27,2,33,2,31,2,23,2,15,1,32,2,28,2,21,1,24,2,16,1,20,2,21,2,22,2,22,2,26,2
"전라남도",화순군,33,2,37,3,47,3,64,4,56,4,47,3,52,4,45,4,51,4,45,4,54,3,43,3,54,4,46,3,47,4,57,4,231,19,63,5,66,5,58,5,62,5,53,4,63,4,53,4,56,4,34,3,49,4,56,4,71,5,51,4,59,5,43,3
"전라남도",장흥군,24,2,18,1,27,2,31,2,33,2,28,2,29,2,27,2,19,1,17,1,29,2,35,3,28,2,27,2,21,1,28,3,23,2,30,2,23,2,31,2,30,2,31,2,28,2,20,2,17,2,30,2,33,2,37,3,41,3,30,2,29,3,29,2
"전라남도",강진군,17,1,18,1,28,2,32,3,33,3,23,2,25,2,29,2,223,8,24,2,30,3,24,2,37,3,30,2,32,2,50,3,28,2,31,3,21,2,26,2,23,2,19,1,24,2,22,2,39,3,17,2,26,2,35,3,21,2,21,2,30,3,21,2
"전라남도",해남군,40,3,29,2,50,4,65,5,71,7,61,5,45,4,44,4,57,4,63,5,55,4,53,5,38,3,53,4,54,4,72,7,50,4,64,5,45,3,66,5,47,4,30,2,56,4,50,4,52,4,43,4,46,4,56,4,63,5,49,4,46,4,68,5
"전라남도",영암군,42,3,55,5,72,6,93,7,68,6,95,7,54,4,44,4,66,4,87,5,62,4,68,5,171,12,69,6,81,6,74,6,76,11,53,4,65,5,66,6,48,4,56,4,65,5,59,5,61,6,43,3,63,5,70,6,62,4,67,5,57,4,55,4
"전라남도",무안군,51,4,50,4,73,6,103,9,94,8,100,8,99,9,81,7,80,8,61,5,84,7,83,7,78,6,107,9,73,6,89,7,105,10,123,10,120,11,144,13,89,7,82,7,118,11,117,10,79,8,61,5,95,8,123,10,126,10,147,11,118,10,108,9
"전라남도",함평군,19,1,10,1,13,1,16,1,20,2,19,2,10,1,7,1,17,1,11,1,14,1,13,1,23,2,16,1,15,1,18,1,18,1,21,2,14,1,16,2,16,1,24,2,17,1,16,1,51,3,13,1,17,2,20,1,16,2,13,1,13,1,20,1
"전라남도",영광군,26,2,20,1,24,2,41,3,36,3,26,2,34,3,34,3,32,3,26,2,26,3,31,2,31,2,33,2,26,2,33,2,33,2,33,2,36,3,36,3,48,3,47,3,37,2,36,3,29,2,29,2,27,2,47,3,36,3,33,3,42,3,35,3
"전라남도",장성군,24,2,9,1,28,3,26,2,25,2,17,1,30,3,22,1,34,3,19,2,31,2,23,2,17,1,28,2,29,2,31,3,19,2,35,3,32,3,24,2,29,2,19,2,28,2,17,1,22,2,10,1,19,1,35,3,34,3,31,2,26,2,23,2
"전라남도",완도군,29,2,19,1,23,2,32,3,25,2,26,2,23,2,17,1,20,2,17,1,26,2,33,2,30,2,29,2,32,3,26,2,35,2,31,3,24,2,28,2,28,3,17,1,33,2,22,2,33,3,11,1,21,2,32,2,32,3,28,2,25,2,37,3
"전라남도",진도군,11,1,10,1,30,2,27,2,27,2,24,2,12,1,13,1,22,2,13,1,15,1,27,2,10,1,23,2,16,1,24,3,27,2,25,2,23,2,21,1,16,1,14,1,8,1,24,2,28,2,6,0,16,1,31,3,95,7,18,1,14,1,13,1
"전라남도",신안군,24,2,9,1,12,1,25,2,10,1,21,1,45,3,20,2,18,2,12,1,12,1,17,1,10,1,16,1,14,1,49,3,22,2,12,1,7,0,23,2,13,1,10,1,13,1,23,2,15,1,8,1,15,1,19,1,13,1,18,1,15,1,18,2
"경상북도",소계,2100,203,1823,153,2628,217,3039,264,2702,233,3015,255,2918,256,2689,231,2905,239,2716,228,3274,268,2821,233,2446,213,2805,233,2565,209,3153,260,3070,259,2955,247,2899,227,2794,233,2592,221,2581,217,3092,248,2674,224,2646,218,2055,166,2752,223,2898,233,2829,228,2669,218,2837,231,2701,217
"경상북도",포항시,411,37,394,33,571,47,646,51,616,53,743,62,641,58,599,52,770,61,628,54,663,54,620,51,545,47,649,53,572,49,690,56,678,63,656,57,612,54,610,52,593,53,544,50,668,54,565,45,513,40,391,33,549,44,595,47,594,47,537,42,575,47,554,46
"경상북도",포항시 남구,174,15,163,13,240,22,297,24,292,24,324,28,323,31,269,25,279,24,262,23,311,24,315,26,255,24,292,26,257,23,329,27,314,30,315,28,273,24,267,25,257,24,249,22,293,25,284,23,240,19,189,17,251,21,267,20,283,21,242,20,263,22,245,20
"경상북도",포항시 북구,237,22,231,19,331,25,349,27,324,28,419,34,318,27,330,27,491,38,366,31,352,29,305,25,290,23,357,28,315,26,361,29,364,32,341,28,339,30,343,27,336,29,295,28,375,28,281,22,273,21,202,16,298,23,328,27,311,25,295,22,312,25,309,26
"경상북도",경주시,179,16,140,11,259,21,303,25,249,22,263,21,297,25,274,23,277,24,294,25,292,26,283,24,219,19,294,22,270,22,310,25,289,23,284,25,249,23,296,26,235,20,222,19,281,22,312,27,223,19,217,17,266,22,328,26,298,24,235,22,255,22,234,19
"경상북도",김천시,119,10,106,8,140,10,272,21,204,15,151,11,159,12,142,10,195,14,128,11,155,12,152,11,117,9,122,8,140,11,184,14,182,14,153,13,166,12,208,17,165,12,132,11,192,15,174,13,174,14,134,11,157,12,166,13,165,13,152,12,149,11,132,11
"경상북도",안동시,107,9,90,6,134,10,171,13,136,10,157,13,153,15,153,11,149,13,160,12,183,13,160,12,176,15,185,15,175,13,205,17,183,14,164,14,160,14,169,14,145,11,162,13,194,16,168,15,176,14,140,12,178,14,183,14,177,14,169,14,160,12,165,12
"경상북도",구미시,357,51,324,33,504,47,582,63,530,53,652,62,543,52,468,45,527,46,506,45,884,74,513,43,452,41,518,48,481,42,600,55,608,56,552,48,488,41,549,46,468,44,617,50,575,51,440,43,447,40,392,32,537,45,587,50,534,44,546,45,590,52,557,48
"경상북도",영주시,269,25,165,13,147,12,102,8,95,8,111,10,92,7,90,7,91,7,107,9,96,7,110,11,106,10,96,8,96,8,128,10,107,8,89,6,99,8,80,7,72,6,88,8,114,9,86,7,301,25,70,6,95,9,107,10,117,9,107,8,69,6,92,7
"경상북도",영천시,77,6,81,5,108,7,132,10,118,8,114,8,141,9,107,9,98,7,116,8,108,8,110,7,105,7,109,7,93,6,137,10,145,10,118,9,103,8,107,7,118,9,87,6,130,8,101,7,101,8,83,6,130,9,131,9,100,6,128,8,149,10,116,8
"경상북도",상주시,56,4,60,4,88,9,74,6,76,6,85,7,91,10,71,5,93,8,67,5,101,8,79,6,57,5,89,6,65,4,91,7,85,6,90,7,61,4,81,7,77,6,65,6,82,7,88,6,76,6,65,5,75,5,75,5,90,8,74,6,68,5,64,5
"경상북도",문경시,57,4,40,3,58,5,73,6,58,4,50,4,62,5,76,7,57,4,58,6,55,5,69,8,46,4,58,4,73,6,63,5,63,5,102,8,57,5,49,4,70,6,72,7,92,7,63,5,45,3,45,3,65,5,70,6,58,6,58,5,96,7,62,6
"경상북도",경산시,150,14,128,11,250,20,229,17,219,17,245,20,274,22,266,23,251,20,246,20,282,25,272,22,185,16,260,22,211,18,299,24,254,19,291,24,524,28,259,22,263,22,240,19,297,23,248,19,222,19,188,15,301,24,246,20,279,24,256,24,274,23,298,21
"경상북도",군위군,6,0,4,0,6,1,7,1,12,1,9,1,11,2,-,-,-,-,-,-,-,-,-,-,-,-,-,-,-,-,-,-,-,-,-,-,-,-,-,-,-,-,-,-,-,-,-,-,-,-,-,-,-,-,-,-,-,-,-,-,-,-,-,-
"경상북도",의성군,36,3,37,3,24,2,31,3,31,3,30,2,17,1,23,3,21,1,30,3,31,2,32,3,29,3,23,2,21,2,29,2,30,2,42,3,16,1,23,2,19,2,25,2,31,2,26,2,19,2,32,2,30,2,37,3,38,3,34,3,27,3,38,3
"경상북도",청송군,11,1,6,0,17,1,18,1,20,2,14,1,15,1,17,1,16,1,15,1,15,1,14,1,22,2,16,1,14,1,18,2,21,3,14,1,15,1,14,1,15,2,22,2,18,2,13,1,11,1,16,1,22,2,16,2,17,1,9,0,20,1,16,1
"경상북도",영양군,19,1,9,1,4,0,9,1,8,1,10,1,12,1,8,0,7,1,5,0,13,1,8,1,13,1,12,1,7,1,15,1,9,1,11,1,10,0,5,0,13,1,5,0,10,1,9,1,12,1,7,1,5,0,6,0,5,0,10,1,8,1,6,0
"경상북도",영덕군,29,2,16,1,19,1,29,2,31,2,32,2,28,2,47,3,22,2,16,2,29,2,38,3,30,2,28,3,32,2,30,3,35,3,19,1,22,2,32,3,26,2,22,2,26,2,25,2,30,2,30,2,32,3,29,2,35,2,31,2,30,2,29,2
"경상북도",청도군,30,2,27,2,43,3,35,2,36,3,37,3,59,5,38,3,33,3,36,3,47,3,37,3,40,3,27,2,36,3,43,4,38,3,37,3,32,3,32,3,39,3,29,2,38,3,37,3,30,2,24,2,28,2,41,3,28,3,37,3,31,3,43,3
"경상북도",고령군,14,1,13,1,15,1,34,4,13,1,25,2,10,1,16,1,10,1,18,1,15,1,20,2,21,6,23,3,15,1,15,1,28,2,17,1,13,1,20,1,13,1,17,2,19,1,20,1,15,1,17,1,7,1,14,1,22,2,15,1,24,2,8,0
"경상북도",성주군,12,1,13,1,10,1,15,2,18,2,29,3,15,2,27,2,36,3,28,3,30,3,33,3,18,2,22,2,32,3,24,3,27,4,30,3,27,2,13,1,28,2,14,1,18,1,20,2,12,1,12,1,14,1,19,2,18,2,17,1,37,3,37,4
"경상북도",칠곡군,87,9,71,7,112,9,157,17,125,13,137,12,137,13,140,13,123,12,108,9,137,13,137,12,131,12,148,15,120,9,125,9,145,11,160,13,109,9,115,11,120,11,109,9,155,13,122,14,92,8,78,7,112,11,134,9,132,12,129,11,141,11,111,9
"경상북도",예천군,29,2,48,4,63,5,49,4,42,4,55,5,64,5,54,4,58,5,62,5,56,4,69,5,63,5,60,5,51,4,69,6,65,5,57,5,56,4,65,5,61,5,52,4,56,5,48,4,49,4,39,3,55,5,40,3,47,4,64,6,72,6,67,6
"경상북도",봉화군,13,1,16,1,20,2,27,2,28,2,21,2,27,2,19,2,24,2,30,2,26,2,18,1,36,3,23,2,15,1,28,2,19,1,18,1,24,2,18,1,10,1,20,2,27,2,24,2,25,2,21,1,24,2,25,2,29,2,15,1,23,2,21,1
"경상북도",울진군,29,2,32,2,36,2,43,4,33,3,40,3,63,3,48,4,38,3,52,4,48,4,42,3,31,2,36,3,42,3,47,4,56,5,50,4,54,3,46,3,39,3,31,2,66,5,83,6,70,6,51,4,68,6,47,4,43,3,44,3,34,3,48,4
"경상북도",울릉군,3,0,3,0,0,0,1,0,4,0,5,0,7,0,6,0,9,1,6,1,8,0,5,0,4,0,7,1,4,0,3,0,3,0,1,0,2,0,3,0,3,0,6,0,3,0,2,0,3,0,3,0,2,0,2,0,3,0,2,0,5,0,3,0
"경상남도",소계,2237,183,1845,142,2938,230,3643,293,3169,255,3598,282,3383,275,3181,261,3480,283,3205,263,3460,280,3588,278,2770,226,3236,261,3085,249,3804,304,3870,309,3624,291,3231,266,3654,296,3211,257,2968,237,3834,311,3274,261,3098,250,2680,211,3425,269,3883,312,3838,304,3797,295,3781,299,3645,291
"경상남도",창원시,576,45,540,42,970,77,1177,94,907,73,1097,85,1073,85,974,80,1092,83,1020,85,1065,88,998,77,766,60,947,74,874,70,1013,81,1111,91,1062,82,921,77,1134,93,963,77,866,69,1121,92,975,78,910,74,765,61,1019,79,1072,85,1110,88,1100,88,1197,94,1165,92
"경상남도",창원시 의창구,82,7,90,7,167,15,214,17,142,12,164,14,181,15,147,12,187,15,180,16,162,15,158,14,127,11,153,12,150,15,187,15,190,17,171,14,176,14,184,18,181,16,138,12,206,20,170,15,154,13,124,10,153,13,170,13,164,14,165,16,182,16,208,19
"경상남도",창원시 성산구,169,12,180,13,326,24,360,26,262,19,371,26,359,26,305,23,359,27,328,25,271,22,268,20,207,16,256,19,251,19,227,17,300,22,335,25,242,18,329,25,265,20,285,22,268,20,267,21,267,21,210,16,265,19,305,23,357,27,413,30,439,33,426,31
"경상남도",창원시 마산합포구,123,10,91,7,186,16,207,17,176,15,208,17,185,16,181,15,164,13,165,14,184,15,193,15,160,11,160,12,152,12,173,14,232,20,189,15,169,15,236,19,206,17,169,13,225,18,203,16,170,14,132,11,191,16,197,17,182,14,182,15,170,14,177,14
"경상남도",창원시 마산회원구 ,97,7,95,8,156,12,221,17,176,14,181,13,180,14,160,14,159,13,154,12,165,13,187,13,140,11,194,15,151,11,223,17,186,15,178,14,170,16,183,14,157,12,117,10,215,17,155,12,149,12,129,10,195,15,194,15,203,17,152,11,204,15,166,13
"경상남도",창원시 진해구,105,8,84,7,135,10,175,17,151,13,173,15,168,15,181,15,223,16,193,17,283,24,192,15,132,10,184,15,170,13,203,18,203,17,189,15,164,14,202,17,154,12,157,12,207,17,180,15,170,14,170,13,215,16,206,17,204,16,188,16,202,16,188,15
"경상남도",진주시,232,21,179,15,324,27,429,35,395,33,355,30,461,43,389,34,369,33,358,31,408,34,379,31,358,31,377,32,544,47,503,42,549,45,487,42,403,33,489,40,444,37,391,33,513,45,435,36,393,34,385,32,414,33,478,40,437,36,418,34,439,37,368,33
"경상남도",통영시,85,7,60,4,110,9,131,9,137,11,148,11,96,8,112,10,117,11,110,9,125,12,134,10,101,9,158,11,104,10,145,10,135,10,103,8,129,10,98,8,114,9,84,6,119,9,101,8,84,6,91,7,109,8,157,12,128,10,113,9,123,9,86,6
"경상남도",사천시,105,8,76,6,110,8,132,11,126,10,133,10,95,8,104,8,126,11,113,8,121,10,109,8,85,6,142,10,106,8,155,13,171,13,135,10,131,10,137,12,117,8,107,8,127,9,124,9,110,9,130,10,145,12,128,11,127,9,133,9,150,11,136,10
"경상남도",김해시,307,25,348,28,549,42,638,52,606,49,745,57,630,51,591,47,648,51,591,48,612,48,634,52,502,40,592,46,540,42,655,50,660,54,642,52,600,47,609,49,603,48,525,43,605,51,535,43,535,42,431,33,641,51,826,67,758,61,887,67,700,56,691,55
"경상남도",밀양시,275,22,81,5,130,10,132,10,120,9,153,14,121,10,142,12,151,11,114,10,117,11,126,10,110,9,107,9,122,9,323,26,158,13,174,15,118,9,150,11,109,9,97,7,126,11,123,10,112,10,87,7,111,8,125,10,124,9,119,9,154,10,136,10
"경상남도",거제시,142,12,131,10,182,15,182,15,174,14,204,16,174,13,155,13,178,16,168,16,242,18,377,28,155,12,184,15,156,13,213,18,264,20,274,25,171,19,193,16,165,15,214,17,364,29,310,27,265,22,179,13,255,20,274,23,286,23,263,22,263,22,273,23
"경상남도",양산시,195,15,198,14,260,19,412,30,365,28,390,30,402,30,369,28,435,32,412,29,399,30,419,31,312,29,382,32,309,23,397,31,437,32,409,31,410,32,452,35,397,31,389,30,465,37,341,26,362,28,304,23,403,32,427,32,479,37,403,29,434,34,472,37
"경상남도",의령군,17,1,11,1,13,1,23,2,14,1,14,1,13,1,11,1,21,2,10,1,13,1,17,1,15,1,20,2,12,1,14,1,19,1,19,2,24,2,22,2,13,1,9,1,40,3,11,1,16,1,17,2,16,1,19,2,20,1,12,1,18,1,22,2
"경상남도",함안군,51,5,35,3,53,4,75,6,55,4,65,4,58,5,52,4,69,5,68,7,67,5,74,6,54,4,63,6,44,4,66,5,57,5,66,5,53,5,52,4,44,3,56,4,69,5,60,5,44,3,46,4,53,4,70,5,64,5,61,5,61,5,50,3
"경상남도",창녕군,44,4,37,2,49,4,62,6,47,3,43,4,46,3,32,3,59,4,31,2,48,4,69,5,44,3,49,4,40,3,57,5,52,4,53,4,40,3,62,4,44,3,29,2,50,3,34,2,48,4,33,2,44,3,54,4,50,4,51,4,48,3,46,3
"경상남도",고성군,40,3,27,3,37,3,52,4,45,4,57,5,41,3,37,3,31,8,39,3,49,4,44,3,47,4,37,4,34,3,52,3,41,3,30,2,53,4,43,5,41,3,22,2,29,2,35,2,42,3,29,3,36,4,41,3,61,4,57,4,41,4,34,3
"경상남도",남해군,33,4,30,3,35,3,38,6,42,4,24,2,32,4,35,3,36,3,27,2,29,3,40,4,39,3,28,2,41,3,37,3,35,3,31,3,31,2,37,3,19,2,19,2,29,2,33,3,20,2,13,1,30,2,39,3,35,3,47,4,30,2,33,3
"경상남도",하동군,31,2,22,1,18,2,33,3,27,3,40,3,16,1,24,2,30,3,27,2,37,3,31,2,47,4,29,2,30,2,37,4,35,3,28,2,19,2,25,3,32,2,32,2,31,2,19,2,25,2,31,2,20,2,27,2,23,2,20,1,23,2,29,2
"경상남도",산청군,22,2,11,1,16,1,30,3,25,2,30,2,22,2,14,1,20,2,20,2,18,1,38,2,17,1,14,1,18,2,26,2,40,3,16,2,36,3,21,2,24,2,18,2,25,2,24,2,28,2,26,2,21,2,21,2,18,2,19,2,21,2,14,1
"경상남도",함양군,20,1,19,2,26,2,28,2,23,2,26,2,31,2,30,2,19,1,19,2,26,2,25,2,24,2,33,3,26,2,22,2,23,2,28,2,22,2,39,3,12,1,30,2,28,2,23,2,28,2,31,3,29,2,43,3,23,2,19,1,22,2,18,1
"경상남도",거창군,36,4,24,2,30,2,37,3,38,3,44,4,36,3,88,6,56,5,56,4,64,5,48,4,56,5,50,4,58,4,60,5,60,5,47,3,41,3,60,5,47,5,44,4,63,4,71,5,47,4,59,5,50,4,57,4,60,5,50,4,46,4,49,4
"경상남도",합천군,26,2,16,1,26,2,32,2,23,1,30,2,36,2,22,2,23,2,22,1,20,1,26,2,38,3,24,2,27,2,29,2,23,2,20,1,29,2,31,2,23,2,36,2,30,2,20,1,29,2,23,2,29,2,25,3,35,3,25,2,11,1,23,2
"제주특별자치도",소계,491,38,444,32,450,36,771,58,619,53,608,53,586,51,490,44,499,47,519,46,538,46,658,53,510,40,547,44,513,41,533,44,514,44,529,45,519,41,602,45,532,43,485,38,614,51,557,46,534,44,458,40,545,44,649,50,559,45,611,47,525,44,542,42
"제주특별자치도",제주시,380,29,299,21,298,24,545,39,311,27,364,32,387,33,343,32,359,32,378,33,391,33,487,39,377,29,380,31,363,29,385,31,353,30,354,29,328,25,432,32,375,31,364,28,419,37,435,36,406,33,345,30,414,32,440,34,398,33,383,29,395,33,387,29
"제주특별자치도",서귀포시,111,9,145,11,152,12,226,19,308,27,244,21,199,18,147,12,140,15,141,12,147,13,171,14,133,11,167,13,150,12,148,13,161,14,175,16,191,15,170,13,157,12,121,10,195,14,122,10,128,11,113,10,131,12,209,16,161,13,228,17,130,12,155,13
